5,2116e-12
8,0811e-11
2,820032e-10
5,95248e-10
1,00902658e-09
1,4986686999999997e-09
2,0186366999999993e-09
2,52652528e-09
2,9928103000000002e-09
3,38645362e-09
3,6906070000000002e-09
3,9392582e-09
4,164938400000001e-09
4,368842785999999e-09
4,528322370000001e-09
4,61149637e-09
4,61731817e-09
4,57314933e-09
4,5065359999999996e-09
4,43780631e-09
4,38129911e-09
4,3509355e-09
4,316278230000001e-09
4,20421675e-09
3,987292449999999e-09
3,706246070000001e-09
3,43621361e-09
3,2427973899999993e-09
3,1468288100000003e-09
3,0813181599999995e-09
2,94860134e-09
2,70744955e-09
2,37382242e-09
1,9813736499999997e-09
1,54621738e-09
1,0674075000000002e-09
5,663572360000002e-10
8,974202999999986e-11
-3,4235744000000007e-10
-7,528193899999999e-10
-1,1521526620000004e-09
-1,5122147920000004e-09
-1,80218851e-09
-2,00498786e-09
-2,12762321e-09
-2,2009942e-09
-2,2538814900000003e-09
-2,32971177e-09
-2,4454615499999996e-09
-2,58808189e-09
-2,73705341e-09
-2,86661302e-09
-2,9831865199999997e-09
-3,1582628599999997e-09
-3,46775962e-09
-1,2103289091e-07
-1,8900235113e-06
-7,457631276939999e-06
-1,776190895167e-05
-3,2589258495029997e-05
-5,11293746007e-05
-7,23948966902e-05
-9,543082255218999e-05
-0,00011942460850987
-0,00014372308803141
-0,00016782033133125998
-0,00019134554737917998
-0,00021403362159585004
-0,00023571315811862
-0,00025627136047389
-0,0002756538306670999
-0,00029383536962409006
-0,00031082365878836
-0,00032661008438867006
-0,00034114934655635003
-0,00035438681255063
-0,00036629520525313013
-0,00037689744756566
-0,00038625477283597
-0,00039446127288887006
-0,00040162170113507
-0,00040785466538055
-0,00041325435496267
-0,00041792272320139004
-0,00042194537788431104
-0,0004254030481596741
-0,000428370084076058
-0,00043090830680994597
-0,00043307512233762505
-0,00043491753422619496
-0,0004364782403914791
-0,0004377979099670669
-0,000438908801111069
-0,000439837837219705
-0,000440608086250625
-0,000441236227748662
-0,000441739034114703
-0,000442135051000788
-0,00044243731985691
-0,00044266750060986904
-0,00044282718328223495
-0,0004429280897203451
-0,00044297225550051503
-0,000442974162759459
-0,0004429349535826129
-0,000442856623508061
-0,0004427474868588391
-0,0004426164991510451
-0,0004424605145648702
-0,00044228807861416313
-0,00044210151556142995
-0,000441903283646583
-0,00044169204032974593
-0,000441477089833074
-0,00044125506786005795
-0,00044103345863313594
-0,00044080217777027605
-0,0004405685395721451
-0,0004403287198925151
-0,0004400790124913001
-0,000439828015790703
-0,00043956917747985395
-0,0004393070114035999
-0,000439045405569296
-0,00043878392015375694
-0,00043852371511709907
-0,00043826776834305096
-0,000438018057814778
-0,00043777315355326003
-0,000437532631568907
-0,000437297941805917
-0,000437068524241122
-0,00043684220687512196
-0,00043661847368991097
-0,0004363960106816751
-0,00043617298382908956
-0,00043594960516009465
-0,0004357247286086651
-0,000435497230184123
-0,0004352683138904506
-0,0004350398197373329
-0,0004348142336912447
-0,00043459132576058107
-0,0004343701279031221
-0,0004341499691521149
-0,00043393273048665244
-0,00043371986191248626
-0,0004335139244203822
-0,0004333160140062058
-0,00043312739866918713
-0,0004329487653843071
-0,00043277803115690576
-0,00043261123499839423
-0,00043244680788708656
-0,00043228448485727066
-0,0004321255388777785
-0,00043197145293671896
-0,0004318228370268477
-0,0004316782341590385
-0,00043153429234408147
-0,0004313894265728722
-0,00043124449083283754
-0,00043110057512184356
-0,0004309595934410801
-0,00043082253081553674
-0,00043068758119547507
-0,0004305522736187566
-0,0004304152340574176
-0,00043027694850673664
-0,0004301392889983896
-0,0004300029115186062
-0,0004298671560591483
-0,0004297292596092604
-0,0004295889551965496
-0,0004294463548000826
-0,0004293036894133664
-0,0004291627930441761
-0,0004290249280918712
-0,00042888867615540276
-0,0004287512826286204
-0,0004286117585195841
-0,00042847072742317434
-0,0004283297527399018
-0,0004281903326644329
-0,0004280513250044858
-0,00042791019535517663
-0,0004277661701141722
-0,0004276202004858282
-0,00042747402546508534
-0,0004273294336550286
-0,000427188031653273
-0,0004270509288615319
-0,0004269164124758521
-0,000426781405493596
-0,00042664463362552326
-0,00042650656646327185
-0,0004263685807091921
-0,0004262321089567811
-0,000426095914711535
-0,0004259574324706212
-0,0004258158425362361
-0,00042567208280655923
-0,00042552781458474393
-0,00042538492196608193
-0,0004252449711520024
-0,0004251091302423066
-0,00042497559673640564
-0,00042484138213420874
-0,0004247052150370837
-0,0004245675959436242
-0,0004244296924526145
-0,00042429049946612245
-0,00042414771788334645
-0,00042400086530288133
-0,0004238509720256961
-0,00042369730845198835
-0,00042353817677957047
-0,0004233737643087105
-0,0004232057996423097
-0,0004230366536799834
-0,000422868514719277
-0,00042270082325834173
-0,00042253142610162607
-0,0004223598423445374
-0,0004221871869903278
-0,0004220153183389821
-0,0004218460910912229
-0,00042168100784520265
-0,00042151871389807077
-0,00042135642585374036
-0,0004211930685085106
-0,00042102914576763875
-0,00042086344622737477
-0,0004206939434901386
-0,00042052048195371117
-0,00042034450881744446
-0,00042016830288232144
-0,00041999400274808445
-0,00041982359351648053
-0,00041965830148510256
-0,0004194966172545952
-0,0004193355392254114
-0,0004191738181171059
-0,0004190119858498719
-0,0004188514238036078
-0,00041869366723824847
-0,0004185401145935718
-0,00041839190420981043
-0,0004182498150868173
-0,0004181143581244142
-0,000417985645002725
-0,00041786108458201295
-0,000417736954202119
-0,00041761143790270425
-0,00041748467760392813
-0,0004173577767057555
-0,00041723209328817213
-0,00041710874643115757
-0,0004169861678141163
-0,00041686141724791025
-0,0004167334250627
-0,0004166028883280514
-0,0004164713152535787
-0,00041634042959967714
-0,0004162117957459641
-0,00041608662853237467
-0,0004159658901996407
-0,00041585022505726986
-0,00041574002776554285
-0,0004156355318437521
-0,0004155367570327452
-0,00041544368176150027
-0,0004153561442205251
-0,00041527397354010044
-0,0004151969339703651
-0,00041512476486080697
-0,00041505722424135024
-0,00041499406469248793
-0,000414934998323697
-0,00041487976460514726
-0,00041482794310709767
-0,00041477664426879397
-0,0004147219306208068
-0,00041466192138342434
-0,0004145968175063664
-0,0004145277466191177
-0,0004144562489921544
-0,00041438376470533274
-0,0004143113519888699
-0,00041423732385233934
-0,00041415871988610594
-0,0004140744129001532
-0,0004139850947246894
-0,00041389232927918726
-0,0004137978872034256
-0,0004137034229880881
-0,0004136102759528369
-0,00041351949973793533
-0,00041343184847322453
-0,0004133478248786351
-0,0004132677778138673
-0,000413191845339585
-0,00041312008944531894
-0,0004130522729509547
-0,00041298564467669684
-0,00041291636285281614
-0,000412842611598895
-0,00041276457865534015
-0,0004126834133016966
-0,0004126006195179476
-0,0004125176423445324
-0,0004124354790612798
-0,0004123524045079538
-0,0004122654248147187
-0,00041217338111167195
-0,0004120768969387959
-0,0004119775118257612
-0,0004118767563029183
-0,00041177359827002135
-0,0004116656279474771
-0,0004115522214349364
-0,00041143445819242103
-0,00041131418292999393
-0,00041119337914754975
-0,00041107379890520433
-0,00041095686883283004
-0,000410843646560575
-0,00041073489145840287
-0,00041063088444030695
-0,0004105292594322797
-0,0004104264261402681
-0,00041032072610831983
-0,0004102123831583935
-0,00041010264075253515
-0,0004099931523407299
-0,00040988797938298785
-0,00040979197912730165
-0,0004097076665416462
-0,00040963533462200197
-0,0004095740010843994
-0,0004095221991828446
-0,0004094783952313251
-0,00040944096307384947
-0,0004094060336924676
-0,00040936890296905393
-0,0004093270841127084
-0,0004092802782984022
-0,00040922931878710635
-0,00040917545520186645
-0,0004091200131346251
-0,00040906411161542637
-0,0004090086735772499
-0,0004089544019711407
-0,00040890159697502793
-0,00040884798282795986
-0,0004087900407368837
-0,0004087262664768278
-0,00040865703531181374
-0,000408583743503847
-0,000408507994577886
-0,0004084313889819682
-0,0004083551904970544
-0,00040828044532016373
-0,00040820788724731707
-0,0004081380786684741
-0,00040807134698164755
-0,00040800788734784136
-0,00040794781619106284
-0,0004078911075802835
-0,000407837729954531
-0,0004077875886048247
-0,0004077405499190776
-0,00040769648038741033
-0,0004076552279017363
-0,0004076166465080607
-0,00040758057709139756
-0,0004075468541577465
-0,00040751532397012693
-0,00040748587992952575
-0,0004074583390879678
-0,00040743259531939496
-0,00040740852557982727
-0,0004073860133392879
-0,0004073649578867585
-0,0004073452428152235
-0,0004073267952357249
-0,00040730950690920923
-0,0004072931110467592
-0,0004072748725732883
-0,00040725102972581683
-0,0004072198559333556
-0,0004071816330028979
-0,0004071376954844835
-0,00040708944482705477
-0,0004070358394006584
-0,00040697450126324396
-0,00040690487564884015
-0,00040682811835646523
-0,0004067462134720913
-0,0004066612842687299
-0,0004065752113773442
-0,00040648955617800085
-0,0004064053128456679
-0,0004063207486253342
-0,0004062327361130181
-0,00040614004185669106
-0,0004060432473843648
-0,0004059438006980497
-0,00040584340113376414
-0,0004057436143694738
-0,0004056457227951874
-0,00040555069318790054
-0,00040545945484962985
-0,00040537509023534575
-0,00040530162417108087
-0,00040524059140480026
-0,00040518904235656083
-0,00040514202269032525
-0,0004050987351530754
-0,00040506123687384234
-0,00040502832699160435
-0,00040499630189137753
-0,0004049627096281557
-0,00040492675547795375
-0,0004048886352527304
-0,00040484900957351026
-0,0004048086248923132
-0,00040476819633911913
-0,0004047284710489279
-0,00040469235773273645
-0,0004046612399805516
-0,0004046332602743656
-0,0004046065862951797
-0,00040458025468799826
-0,0004045539912368232
-0,0004045278144506521
-0,0004045019505404853
-0,00040447660661952715
-0,00040445197982836765
-0,0004044281880196107
-0,000404405379727861
-0,0004043836024645137
-0,00040436309658596533
-0,0004043465359356259
-0,00040433761095268336
-0,0004043379392833457
-0,0004043469375048125
-0,0004043605393050818
-0,0004043733304211553
-0,0004043819781610304
-0,0004043853921545072
-0,0004043837712023837
-0,0004043780878914648
-0,00040437171253135265
-0,0004043666207315385
-0,00040436148062842996
-0,00040435498949642094
-0,0004043465983084147
-0,00040433637288131007
-0,0004043246459996048
-0,0004043120555493057
-0,0004043014530872098
-0,00040429403884221414
-0,0004042853811587196
-0,00040427001217062473
-0,0004042454234032353
-0,0004042117596738452
-0,0004041706875683586
-0,0004041270510419719
-0,00040408912265408817
-0,00040406388015150606
-0,0004040539682852254
-0,0004040587650406515
-0,0004040759430677709
-0,0004041027529190914
-0,00040413652848691605
-0,00040417502549454387
-0,0004042163465323725
-0,00040425903723760554
-0,0004043019822584366
-0,00040434441858176723
-0,0004043857205047015
-0,0004044255251711356
-0,0004044635600871681
-0,00040449968003230803
-0,00040453380261105075
-0,0004045659447548868
-0,0004045960804202284
-0,0004046243092914686
-0,00040465066514321
-0,0004046752537465548
-0,00040469816887670027
-0,0004047194782700499
-0,00040473932110329525
-0,00040475775202304784
-0,0004047748688214964
-0,0004047908093532456
-0,00040480560265649724
-0,0004048193453540485
-0,0004048321074550023
-0,0004048439818845555
-0,00040485500346120937
-0,000404865251034465
-0,00040487478048211936
-0,000404883874793776
-0,00040489538781323455
-0,00040491573838679354
-0,00040495033548475505
-0,00040500029779881683
-0,0004050612971240788
-0,00040512661948253966
-0,0004051913324892028
-0,00040525282889836443
-0,00040530992855502765
-0,0004053623859847952
-0,00040541033405615707
-0,00040545408331902656
-0,00040549401263749387
-0,0004055305004857592
-0,0004055639227868242
-0,00040559461100879353
-0,0004056228019536648
-0,00040564877340873245
-0,00040567272873120406
-0,00040569484991047344
-0,00040571532249014317
-0,0004057342760434168
-0,00040575184711868866
-0,00040576816852586095
-0,0004057833268935344
-0,00040579742186860895
-0,00040581053513368443
-0,0004058227494453573
-0,0004058341468043315
-0,00040584476186300756
-0,00040585468130948174
-0,0004058639519286591
-0,00040587261880753364
-0,0004058807221687117
-0,00040588829833278906
-0,000405895394023266
-0,0004059020392234444
-0,00040590826904532136
-0,0004059139129237013
-0,0004059163516928796
-0,0004059118923717609
-0,00040589891758624003
-0,0004058777772604199
-0,00040584987810380095
-0,0004058169172933832
-0,00040578094338556553
-0,000405748861557147
-0,00040573186440252845
-0,0004057376429656112
-0,00040576514008269305
-0,00040580804760017653
-0,0004058603065031589
-0,0004059175243513415
-0,0004059765732711252
-0,00040603291701790754
-0,0004060816067993914
-0,0004061202220843779
-0,0004061486029733629
-0,000406167862550248
-0,000406179750934133
-0,0004061885248984192
-0,00040619908669400326
-0,00040621163807619005
-0,0004062232729820772
-0,00040623439638866365
-0,00040624797153145044
-0,00040626579816823653
-0,0004062883789280243
-0,000406317709266312
-0,0004063565427060995
-0,0004064054611975473
-0,00040646324594995515
-0,00040652778573280326
-0,00040659683652037164
-0,00040666832913234047
-0,00040674057483358904
-0,000406812256598198
-0,00040688236488412743
-0,0004069502104868369
-0,0004070152958833864
-0,0004070773436452159
-0,00040713617454808546
-0,0004071917292757356
-0,0004072440411163058
-0,0004072931606646361
-0,0004073391992799665
-0,0004073822568140172
-0,0004074224944593382
-0,00040746005359225927
-0,00040749510498592036
-0,0004075277800102917
-0,00040755806654902316
-0,00040758341086501496
-0,00040760028034025664
-0,0004076071464526581
-0,00040760448971362013
-0,0004075937810086421
-0,0004075768207147343
-0,0004075553385177268
-0,0004075308247912291
-0,0004075044813452717
-0,0004074772686769944
-0,00040744988746093747
-0,00040742288796207014
-0,0004073966291776331
-0,0004073713822016465
-0,0004073472771814495
-0,0004073246468571731
-0,00040730615859968646
-0,00040729553036164984
-0,00040729439704610356
-0,0004073023958722473
-0,0004073180848255215
-0,00040733972196644523
-0,0004073656531693494
-0,0004073943965640736
-0,00040742474723548766
-0,0004074557882545218
-0,00040748683062834625
-0,0004075173653144809
-0,00040754720662753536
-0,0004075789659697403
-0,00040761885511101536
-0,00040767232955767974
-0,0004077436981640047
-0,0004078404648599596
-0,0004079712883727746
-0,00040813958088122964
-0,000408341950651165
-0,0004085711787346204
-0,0004088189771851454
-0,00040907759091109115
-0,0004093406602914765
-0,00040960603241128207
-0,00040987877230316773
-0,00041016490104357355
-0,0004104627618363596
-0,0004107653356538153
-0,0004110658666915909
-0,0004113593838687768
-0,0004116426122752028
-0,00041191353505781893
-0,0004121708052368553
-0,0004124112320402511
-0,0004126310153537573
-0,00041282869726785376
-0,0004130050227301004
-0,0004131620888592466
-0,00041330483384268286
-0,0004134392395081697
-0,0004135689990897959
-0,0004136955564198828
-0,0004138190727711795
-0,00041393915207931577
-0,00041405521445070256
-0,0004141667638612896
-0,000414273418311037
-0,0004143749428059636
-0,0004144712175111306
-0,00041456223508039763
-0,00041464807558912463
-0,00041472888012577153
-0,0004148048364624387
-0,0004148761433846758
-0,00041494323679313304
-0,0004150088016035207
-0,000415013108317348
-0,00041337674294966497
-0,000398789326488692
-0,0003565749980581096
-0,00028061185822915707
-0,00017244846513487497
-3,741943694953266e-05
0,00011813580611538993
0,00028818057605223236
0,0004676139537631648
0,0006523258893216368
0,0008391022129376097
0,0010255198431978118
0,0012097565153279435
0,0013905365449129064
0,0015669136013673885
0,0017382737736670903
0,0019041817584243025
0,002064437123425054
0,0022189132366817466
0,0023675903485956187
0,0025105319664469107
0,0026478273878409128
0,0027796118328028943
0,002906019929437546
0,003027225503236678
0,003143254774878741
0,0032540903639749013
0,0033595732328035033
0,0034596613116541744
0,0035543144065299666
0,0036435807172341384
0,0037276147794582807
0,0038069786270732726
0,003882878994884174
0,0039564819687797955
0,0040284334173580575
0,004098940515832288
0,00416792990996152
0,004235242194342532
0,004300718475010304
0,004364207211847404
0,004425588687703846
0,004484785550308177
0,0045417576388572896
0,004596592124052181
0,004649283195197512
0,004699914193749973
0,004748532788325065
0,0047952638325440364
0,004840158538760927
0,004883271321893108
0,00492468107602542
0,004964452601091281
0,005002606489267822
0,0050392591625285236
0,005074477856974645
0,005108317125726307
0,005140794261858687
0,005171977209184008
0,005201853954600191
0,005230507252519829
0,005257906916556482
0,005284113523893483
0,005309121562353714
0,005332946465853055
0,005355662391111807
0,005377225623996008
0,005397675721781769
0,0054170537170277104
0,005435370805747582
0,005452648093730673
0,005468925654960342
0,005484255144405793
0,005498655456748194
0,005512135381808731
0,005524754246294629
0,0055366016561161574
0,005547750589642819
0,005558257596776262
0,005568166429915212
0,005577515227779729
0,005586335070019989
0,005594653283666162
0,005602501827917746
0,005609908592162519
0,0056168991815019696
0,005623524371735297
0,005629844176813664
0,0056358990761259985
0,005641700351985562
0,005647232391866433
0,005652456827931308
0,0056573621374626315
0,0056619499226542675
0,005666238827710092
0,005670223888698875
0,005673893529272176
0,005677249389876482
0,005680287793104687
0,005683000672007959
0,005685380110452861
0,0056874208528399925
0,005689117310789116
0,005690474716792275
0,005691497081214804
0,005692192564760768
0,005692574381784392
0,005692654953906934
0,005692449923638284
0,005691972371528941
0,005691233629169308
0,005690226819459063
0,005688950843827743
0,00568741383187885
0,005685612906367349
0,005683550534033631
0,005681246960387716
0,005678726675419867
0,005676014101500126
0,005673104666355609
0,005670008444288147
0,0056667385412173515
0,005663290556519365
0,005659671199798116
0,005655895169130166
0,005651958334347687
0,00564784487868685
0,0056435587919197484
0,005639117810706167
0,005634523522664695
0,005629763602006319
0,005624820770491279
0,005619681260408521
0,005614359647466583
0,005608887904945272
0,005603305961275189
0,005597648804705725
0,005591925129025663
0,005586147137556918
0,005580332349309151
0,005574501063471218
0,005568670612912052
0,005562857673004698
0,005557073061858505
0,005551325595647425
0,005545619684372222
0,005539959901661569
0,005534346261178621
0,005528780372892111
0,005523257473616207
0,0055177538907111075
0,005512252565127947
0,005506747430161812
0,005501217571224384
0,005495655326187349
0,005490061518310129
0,00548442173584213
0,0054787093238137154
0,00547292092936587
0,005467065545650688
0,005461139175840148
0,005455122519932141
0,005448995787387261
0,005442764518005258
0,005436449016956011
0,0054300547432638594
0,005423572105322259
0,005416987100991886
0,005410310103441878
0,005403565030604394
0,00539675999777437
0,005389888265596662
0,0053829606956290335
0,005375998924867182
0,005369006491659459
0,005361971620555113
0,005354902289855169
0,005347815387336276
0,005340713744258051
0,005333608426789568
0,00532651501185832
0,005319431607874526
0,005312363188427827
0,005305322612796631
0,005298327200729698
0,00529139181557832
0,005284529994799597
0,005277750002895091
0,0052710584256415935
0,00526445746406878
0,005257948413135675
0,005251529920860817
0,005245202205703977
0,005238985860643627
0,005232890694132955
0,005226915689619686
0,005221049957324161
0,005215282134640265
0,0052095981845074095
0,005203989708896951
0,005198469365240237
0,0051930424698265875
0,005187706359855444
0,005182472942095378
0,005177342462458294
0,005172307139032922
0,005167373811638614
0,005162538640408063
0,005157790198777496
0,0051531334872790355
0,0051485624880916675
0,005144065618228106
0,005139646526754386
0,005135300044076276
0,005131011681121172
0,005126762128451598
0,005122535069374959
0,005118338013480843
0,005114171398609479
0,005110030360248685
0,0051059259846184795
0,0051018584579712156
0,005097821962733759
0,005093826741186342
0,0050898960050163675
0,00508603225564437
0,005082224015290734
0,005078476146689713
0,005074803564118268
0,005071202880683321
0,005067657678914126
0,0050641684010410875
0,0050607474061444046
0,0050573891827064
0,005054075617053649
0,005050806633363849
0,005047594579683678
0,00504443317757676
0,00504130511828984
0,005038210107923404
0,005035163288214875
0,0050321851559116506
0,005029293822949717
0,005026480119786698
0,005023718405088829
0,005021000058453078
0,005018332594894673
0,00501573067586325
0,005013207362398903
0,005010749586307419
0,005008329953090398
0,005005937995914047
0,005003578314514303
0,005001238558199991
0,004998897517982686
0,004996551859667011
0,004994215325719225
0,004991908372369505
0,004989649323434268
0,004987429997702254
0,004985226011550118
0,004983030493716335
0,004980852350196795
0,00497870809789071
0,004976612964284342
0,004974555268697287
0,004972509346726197
0,004970467014207503
0,0049684356196023115
0,004966431446545761
0,00496446956410245
0,004962538269498691
0,004960611350365936
0,004958681097067736
0,004956755297094935
0,004954850487471152
0,004952983478710991
0,0049511697226124135
0,0049494209240689814
0,004947745359307581
0,004946147946624503
0,0049446319227384695
0,004943197549394524
0,004941844383323526
0,0049405700636043015
0,004939370299509032
0,004938215174756708
0,004937064232949705
0,004935897124990244
0,00493471401468205
0,004933524433194547
0,00493234197054042
0,00493117917808636
0,004930046918956502
0,004928952899819637
0,004927903312738863
0,0049269010941911905
0,004925948556403116
0,004925046190460212
0,004924191912081182
0,004923357702721947
0,004922505156025461
0,004921615796439897
0,004920691159595739
0,0049197423606720855
0,004918784376682749
0,004917831024707336
0,004916894119496402
0,004915982640150924
0,004915103408122396
0,004914260595109469
0,004913457234892707
0,004912694464314793
0,0049119707198186716
0,004911258950403243
0,004910521281485249
0,004909739572138623
0,004908915890712578
0,004908061998199253
0,004907193086816475
0,004906323418748106
0,004905465199850325
0,004904627809793889
0,004903818179890887
0,004903041034533132
0,004902299447638419
0,004901594876872041
0,004900928019339808
0,004900298628084672
0,004899705796674624
0,004899148344523698
0,0048986249572767464
0,004898133894357692
0,004897671447633724
0,004897209630239546
0,004896709507714094
0,004896153107675262
0,0048955420293949
0,004894888539934785
0,0048942078653062045
0,004893515069455929
0,004892822665597695
0,004892140767538965
0,004891476685258914
0,0048908358993690944
0,004890221819731713
0,00488963673125418
0,004889081581178336
0,00488855664460324
0,004888061766233457
0,004887595939704431
0,004887158336569603
0,004886747767005554
0,0048863627668940535
0,004886002053412929
0,00488566430636604
0,004885348309702923
0,004885052389263706
0,0048847755436682355
0,004884516211306296
0,004884273594397499
0,004884046257670751
0,004883833311987731
0,004883633927098365
0,0048834469386765614
0,004883271587407792
0,004883107108405583
0,004882952683216436
0,0048828076596027494
0,004882671387093506
0,004882543392030726
0,00488242299268288
0,004882309708398001
0,004882202986539773
0,004882100558168085
0,004881975395952451
0,004881790123653092
0,004881527908079688
0,004881191784362331
0,004880795224030454
0,004880354776184082
0,004879886303748161
0,0048794035653333965
0,004878917634832348
0,004878436940718857
0,004877967603545599
0,004877514153831124
0,004877079345304442
0,004876665017401614
0,004876272024370423
0,004875900823178278
0,004875551055740166
0,004875222394820052
0,004874916015131074
0,0048746576342146375
0,004874485364089459
0,004874441128333777
0,004874557711882424
0,0048748365910364026
0,004875256835957865
0,004875787326818241
0,004876396528319126
0,004877054002136887
0,004877709955939669
0,004878308941711905
0,004878820456258061
0,004879237858605016
0,004879567608122251
0,004879821956512277
0,004880014159485645
0,0048801566786961705
0,004880260080542922
0,004880333338448856
0,004880383509251693
0,004880416265028992
0,004880435983808731
0,004880444010807951
0,004880416551055235
0,004880318277895961
0,0048801345630395945
0,00487986968540854
0,004879538514758044
0,004879158144466824
0,004878745549931204
0,004878315014908454
0,004877877917650438
0,004877443052229166
0,004877017094552513
0,00487660453946355
0,004876208565829325
0,0048758310691134794
0,004875473224252695
0,004875135438950135
0,00487481758916334
0,004874519260014296
0,004874239949649319
0,004873978644114043
0,004873734737716744
0,004873507125021802
0,004873294993642829
0,004873097240253629
0,004872913150444461
0,004872741520945666
0,004872581748529896
0,004872432920270229
0,00487229642137169
0,004872197750720571
0,004872171564454884
0,004872206991707515
0,004872263067819159
0,004872308962155962
0,004872332959886969
0,004872356289212098
0,004872392278239333
0,0048724245840109865
0,004872438582093776
0,004872428161298081
0,004872394098135708
0,004872340068247548
0,004872272777130758
0,004872223075458623
0,004872231966407921
0,0048723188302645755
0,004872480942675719
0,004872681772680716
0,004872895317210953
0,004873127131141253
0,004873383394980098
0,004873663856832514
0,0048739631535833884
0,0048742743238909935
0,004874590516025264
0,004874905856670894
0,004875215854474167
0,0048755169790591435
0,004875806816865604
0,00487608348745278
0,004876346479523542
0,004876594792258772
0,004876828832290603
0,004877048489374967
0,004877254271717768
0,004877446759164257
0,004877626469638533
0,004877794093419479
0,004877950338225921
0,004878095782884219
0,004878231215683071
0,004878357267304817
0,004878474525271902
0,004878583850569816
0,004878685430975318
0,004878780005874656
0,004878868084953656
0,004878950026081156
0,004879026416565464
0,004879097446181645
0,004879163884277576
0,004879225717587349
0,004879283433009903
0,00487933729921227
0,004879387524805359
0,0048794342872961844
0,004879478174197732
0,004879519075362986
0,004879559498513924
0,004879625892252474
0,004879755483124791
0,004879965031975967
0,004880251056922108
0,004880600226935975
0,004880995850083621
0,004881421405450196
0,0048818637010704805
0,0048823112189504405
0,004882755268378419
0,004883189860294127
0,004883610155983774
0,004884013447219094
0,004884397886671814
0,004884762365398374
0,0048851064067963685
0,004885430310725257
0,004885734197792188
0,004886019128938827
0,004886285495483902
0,004886534407578773
0,004886766842691708
0,0048869834928378045
0,004887185667616217
0,004887373975925887
0,004887549478324111
0,004887712995817909
0,0048878654471493045
0,0048880075231702656
0,004888139932526372
0,004888263406316059
0,004888378571071277
0,004888488057839184
0,004888618846269126
0,004888808571332322
0,004889074163743651
0,004889412610498607
0,004889810653455398
0,004890251876242098
0,004890720310949514
0,004891202365374024
0,004891687149375809
0,004892166159805952
0,0048926334275664375
0,004893084429649266
0,004893516497850461
0,004893927749003569
0,004894317463074194
0,004894685278827178
0,00489503136424815
0,0048953562503318655
0,004895660745874314
0,004895945629780875
0,004896211930988175
0,004896460649523951
0,004896692775270645
0,004896909345965481
0,004897111343366755
0,004897299753434373
0,00489747550899893
0,004897639389707758
0,004897792327658713
0,004897935007505158
0,004898068133200556
0,004898194523609102
0,0048983411496233056
0,00489854573001314
0,004898825273691866
0,0048991768625213485
0,004899587214372863
0,004900039960296055
0,004900519257952606
0,004901011548304395
0,004901505941146641
0,004901994077327747
0,0049024697770667335
0,004902928880078448
0,004903368487685143
0,004903786930995381
0,0049041833311157705
0,00490455952809116
0,004904942194070641
0,004905368868995368
0,004905856774188047
0,004906403518478614
0,0049069962137529245
0,0049076191719749146
0,004908257114422136
0,004908897240895749
0,004909529171353715
0,004910145405793866
0,00491074026715778
0,004911312275435673
0,004911885501721643
0,0049119404737368675
0,004903776958708978
0,004871422077258055
0,0048022701061344285
0,004693668980218386
0,004550111359587992
0,0043791877945839625
0,00418902878981277
0,003986997677181645
0,003779194770400775
0,0035704476601783083
0,0033644098814966245
0,0031637409806566834
0,002970267926993536
0,0027851937434453665
0,0026092288013593833
0,0024427296254460914
0,0022857803934867153
0,0021382799894705353
0,002000000035454506
0,0018705904725229115
0,001749657762064216
0,0016367819628223031
0,0015315201026359906
0,0014334019030928793
0,0013419911714299248
0,0012568417592917678
0,0011775465986772155
0,0011037084323121593
0,0010349410120056729
0,0009709012657699981
0,0009112444003001169
0,0008556521780427194
0,0008038272101830903
0,0007555006150371408
0,0007104264850737046
0,0006683602815811345
0,0006290850971100603
0,0005924044756694824
0,0005581209173562023
0,0005260644333891196
0,0004960873438948401
0,0004680432475421452
0,00044181307997994394
0,00041724460645452347
0,00039422247287830255
0,0003726422686512725
0,0003524115930932632
0,0003334265639952341
0,00031559405327888596
0,0002988642792157157
0,000283160578788025
0,00026838462331483083
0,00025449315199714166
0,00024143157943446746
0,00022912925318511226
0,00021753734566514528
0,0002066334024798658
0,00019636191161879197
0,00018667940358758117
0,00017753120750256212
0,00016890091546705499
0,0001607539799515585
0,0001530460358048351
0,00014577762455880662
0,00013889465242126445
0,00013238185490644977
0,0001262340724296306
0,00012040205126301467
0,00011486320157828334
0,00010961712750093396
0,00010465598718510611
9,99564505434524e-05
9,549665998381811e-05
9,126400926716295e-05
8,724540238222878e-05
8,342689329226531e-05
7,979748910490818e-05
7,634881682045041e-05
7,307311259489952e-05
6,996179750025011e-05
6,700528192658853e-05
6,419600052104055e-05
6,152603803439317e-05
5,8984694992031e-05
5,656316888407912e-05
5,425613574112207e-05
5,2060511515134624e-05
4,997079579796564e-05
4,7982891625705955e-05
4,609030734684876e-05
4,4288053562089016e-05
4,2570731325067664e-05
4,093385023658716e-05
3,937367512115361e-05
3,788462618540807e-05
3,6461600127030226e-05
3,510281073181791e-05
3,380630678426488e-05
3,256985462916843e-05
3,139019246231893e-05
3,026186004444689e-05
2,91819785556291e-05
2,814821215769201e-05
2,7159522764835654e-05
2,6215737375976612e-05
2,5311800557745284e-05
2,4443767388374955e-05
2,360856897046299e-05
2,2803786828450032e-05
2,2030167631098016e-05
2,1286784752825076e-05
2,0573116907782098e-05
1,9889599085765336e-05
1,9232904848733513e-05
1,8602442275742152e-05
1,7996443236040873e-05
1,7412890483560976e-05
1,6849883505549266e-05
1,630850146052225e-05
1,578799196426844e-05
1,5285025415550524e-05
1,4800481173306962e-05
1,4336236355765154e-05
1,3892853122993865e-05
1,3469399947572145e-05
1,306506577364409e-05
1,268037546850654e-05
1,2315318194193489e-05
1,1969322067070502e-05
1,1640428318509804e-05
1,1325926750018085e-05
1,1023508601038193e-05
1,0730866985202455e-05
1,0446976878308915e-05
1,017120785968346e-05
9,902222276000729e-06
9,638530720155341e-06
9,37959702629612e-06
9,126476107565342e-06
8,880380451905804e-06
8,642109456741884e-06
8,411692947756396e-06
8,188709687621558e-06
7,973786626949018e-06
7,76871866079612e-06
7,57443025626879e-06
7,3906619397583515e-06
7,2169223887788915e-06
7,051916329286474e-06
6,8934767410868645e-06
6,741058724155895e-06
6,594268820138736e-06
6,452338976510518e-06
6,3151890398196575e-06
6,183625500557099e-06
6,058200429654909e-06
5,93814202072546e-06
5,822368031811831e-06
5,709127331940242e-06
5,597603209804563e-06
5,487916621203674e-06
5,380277307316845e-06
5,275289497320427e-06
5,172784290112098e-06
5,0732623310018694e-06
4,97730452328926e-06
4,88479852083812e-06
4,79581994748786e-06
4,710997784035832e-06
4,6312111660702824e-06
4,557138075736283e-06
4,488292026883384e-06
4,423121642704495e-06
4,360829148446424e-06
4,302047814190985e-06
4,247020665958718e-06
4,195130746037119e-06
4,144507611961228e-06
4,09309511686675e-06
4,03997272077059e-06
3,985345960808431e-06
3,930181351928962e-06
3,874338535248014e-06
3,818504153125743e-06
3,7638354021849934e-06
3,711236946383995e-06
3,661926819994956e-06
3,616939309717287e-06
3,5770685409625172e-06
3,5421408312161183e-06
3,5109227129827695e-06
3,4813706705010796e-06
3,4519649349313803e-06
3,4226401394748205e-06
3,393744253029061e-06
3,365969207150833e-06
3,3396275899639525e-06
3,314175520570094e-06
3,288741726429174e-06
3,263200191732265e-06
3,2376728996803856e-06
3,211394923441986e-06
3,184233297464807e-06
3,156469386790358e-06
3,1283182645759176e-06
3,1005393689895885e-06
3,0743693569376e-06
3,0511150388201198e-06
3,0304746750266216e-06
3,0120752311831416e-06
2,996321222041862e-06
2,982927215223562e-06
2,9711105604182628e-06
2,9601868985129345e-06
2,9499336123045645e-06
2,9402556411690745e-06
2,930952224864046e-06
2,921186041684706e-06
2,9099437264397264e-06
2,896803796958777e-06
2,881842743260958e-06
2,866042906012129e-06
2,8500926196384185e-06
2,8344139799264795e-06
2,81985572712053e-06
2,8060607926506104e-06
2,7918737188839022e-06
2,777000850036893e-06
2,7620456752063522e-06
2,746885630479453e-06
2,7309489431559737e-06
2,713322704492474e-06
2,6929750924222944e-06
2,6700888703810654e-06
2,6461033008782458e-06
2,6231133637513464e-06
2,6025245151522166e-06
2,5855237291560375e-06
2,572797000715107e-06
2,5645539002906386e-06
2,560830334605209e-06
2,5614766365510795e-06
2,5665109800192792e-06
2,5746833555696195e-06
2,5840984135676506e-06
2,5927603920598707e-06
2,5988363755053614e-06
2,601045877066712e-06
2,5985883668048227e-06
2,5920219493353626e-06
2,5819374006082734e-06
2,568626956080154e-06
2,552497626433965e-06
2,533525231110215e-06
2,5108105871560956e-06
2,483479465589256e-06
2,4524764898758867e-06
2,4204839381838967e-06
2,391269967411017e-06
2,367953796102004e-06
2,3517945783028716e-06
2,3423325378883107e-06
2,337297250774215e-06
2,335028254772973e-06
2,3355749855412815e-06
2,339410810452578e-06
2,347337494795598e-06
2,359871431532101e-06
2,376292289582493e-06
2,3946219831620934e-06
2,412815216513528e-06
2,4289440074755944e-06
2,442249000030661e-06
2,4534315268977252e-06
2,4631248199945053e-06
2,4726027710852503e-06
2,483511962017922e-06
2,4966910805019496e-06
2,510955718465568e-06
2,5247267699534243e-06
2,5375029873837337e-06
2,548871567494949e-06
2,5583953763053872e-06
2,564588904318191e-06
2,566182896094231e-06
2,5628301298034033e-06
2,5546931317345534e-06
2,5432083304859987e-06
2,5297324649063034e-06
2,5162907406388367e-06
2,5038940389438277e-06
2,4917874139309447e-06
2,479330630089709e-06
2,4668470952803816e-06
2,455745714253282e-06
2,4470701539081386e-06
2,441714057144671e-06
2,4406778581331956e-06
2,444287751403754e-06
2,451786224615671e-06
2,4615345063480065e-06
2,4717942940456187e-06
2,4807926991053784e-06
2,4878783822325174e-06
2,4937614758192717e-06
2,4992346734164535e-06
2,5045752277481187e-06
2,510829708193157e-06
2,5197749379967465e-06
2,5311246765472997e-06
2,5429645878018357e-06
2,5534253701090368e-06
2,562320915539697e-06
2,5717058799018776e-06
2,583682314684141e-06
2,5988213839803e-06
2,61563229754374e-06
2,6317430302607732e-06
2,645433281667224e-06
2,65645667408589e-06
2,6655066941199056e-06
2,67346562058138e-06
2,680715236543722e-06
2,6869408805494323e-06
2,6918976803324114e-06
2,6952916291916284e-06
2,697607294052908e-06
2,6993814287519085e-06
2,6996604509010026e-06
2,6977834748505297e-06
2,694110833505298e-06
2,689191935769988e-06
2,6836283022988006e-06
2,678192699314847e-06
2,6727635269166176e-06
2,666925429870153e-06
2,660947614218202e-06
2,6555738562663703e-06
2,6520304764067132e-06
2,6505224903227966e-06
2,649884641479248e-06
2,647806019373407e-06
2,6421439140131294e-06
2,632058773706882e-06
2,6178862915624014e-06
2,6006938876690183e-06
2,5814230814142454e-06
2,5611458419719513e-06
2,5401388745569485e-06
2,518165315571452e-06
2,4954906290008397e-06
2,472923129488629e-06
2,451437764816183e-06
2,431675508061854e-06
2,413865279151276e-06
2,3974005068096505e-06
2,381833035902723e-06
2,3667354030596327e-06
2,3517589968210176e-06
2,336089686895651e-06
2,318447486618268e-06
2,298491510757563e-06
2,2755259534442295e-06
2,248277347928119e-06
2,217006438715288e-06
2,1837004032642927e-06
2,1503366170444643e-06
2,118264071093318e-06
2,0891266629859713e-06
2,064196511997514e-06
2,0438619215280855e-06
2,0278138889514982e-06
2,016330670817214e-06
2,0097119343807954e-06
2,007891385442454e-06
2,010604662618221e-06
2,017037788760891e-06
2,026598125630197e-06
2,038030016761711e-06
2,0497254456810076e-06
2,0606450324225327e-06
2,070247865286102e-06
2,0784069566601263e-06
2,086049866635889e-06
2,0951865537275976e-06
2,106192624023866e-06
2,1186909634473593e-06
2,132464575311428e-06
2,147095525084563e-06
2,161460126345939e-06
2,1733362604417267e-06
2,18099502184122e-06
2,1846476466924537e-06
2,185737679544805e-06
2,184560593232833e-06
2,1807611623981282e-06
2,1744696227790457e-06
2,166202631484923e-06
2,156971636090125e-06
2,1475826235376183e-06
2,1383337346599324e-06
2,1297444271516697e-06
2,1225960750125103e-06
2,1168306679768816e-06
2,111951485688814e-06
2,1081957810361516e-06
2,1068503419504255e-06
2,1094395047476466e-06
2,1161714138093177e-06
2,127201591188539e-06
2,142235009768831e-06
2,1600763272053492e-06
2,179287591876877e-06
2,199065633966978e-06
2,2195570284848665e-06
2,2412472963198137e-06
2,2647125448133323e-06
2,289347260249223e-06
2,3134190464549287e-06
2,3345034685036243e-06
2,3500656267176535e-06
2,3592992067352736e-06
2,363520115553674e-06
2,364741198483711e-06
2,364221585063387e-06
2,3626996211807374e-06
2,359923247932219e-06
2,3550282734837425e-06
2,3479012771616913e-06
2,3395311800541528e-06
2,3306168997536643e-06
2,32096390780183e-06
2,3106616377975982e-06
2,300048239093294e-06
2,2895409283528223e-06
2,2793148594013316e-06
2,2697936089241176e-06
2,2608730406486585e-06
2,2521797758328013e-06
2,2436598558614837e-06
2,235469962478632e-06
2,228464265770421e-06
2,2236894229481644e-06
2,2218489065346982e-06
2,2222574843841996e-06
2,223837056488345e-06
2,2257455611160716e-06
2,227660567335167e-06
2,230030439405075e-06
2,2332507004326896e-06
2,237420992523833e-06
2,2421667722767617e-06
2,24645154576122e-06
2,2493541553554445e-06
2,2516804130024153e-06
2,2546516223700363e-06
2,259086820323126e-06
2,2650364818961435e-06
2,2721712387158835e-06
2,280464534611843e-06
2,2890823402576244e-06
2,297816088179319e-06
2,3067538604793283e-06
2,31597299088978e-06
2,3256829736919543e-06
2,3356332234615453e-06
2,3449874710338224e-06
2,351841471763604e-06
2,355105085668716e-06
2,35443676437965e-06
2,350713923314956e-06
2,3461267348520733e-06
2,3426394239571318e-06
2,3398039733091403e-06
2,3356578513565933e-06
2,3289335872151127e-06
2,3181069624542574e-06
2,3028351730725532e-06
2,2841094482090975e-06
2,2634845233635257e-06
2,242041134806077e-06
2,219972240840397e-06
2,1979209393455767e-06
2,1774519141633035e-06
2,160510751809308e-06
2,1477491775049326e-06
2,1393083294625605e-06
2,1348888298563246e-06
2,134227763049444e-06
2,1367238955580475e-06
2,142004066265232e-06
2,1509691377567655e-06
2,1650716514834047e-06
2,185137251276086e-06
2,2098932258168655e-06
2,2375264812100396e-06
2,26637811101116e-06
2,2954027464096854e-06
2,323957036929494e-06
2,3513289083661775e-06
2,3760087148443714e-06
2,395591128505013e-06
2,4087414085354305e-06
2,4158210963772093e-06
2,4181248663200713e-06
2,4169591557205003e-06
2,414347263957994e-06
2,412950264273769e-06
2,4144818318566474e-06
2,4182737169289086e-06
2,4232188661710985e-06
2,428539779578416e-06
2,4327891935482204e-06
2,434575466055704e-06
2,433830917265567e-06
2,4329816409911193e-06
2,433853974587628e-06
2,436100083842468e-06
2,4381166233068528e-06
2,4382519401437124e-06
2,43632266868563e-06
2,4327488756335645e-06
2,428203462718583e-06
2,4232074418499287e-06
2,41892623186281e-06
2,4163490191354466e-06
2,415797309488707e-06
2,4175161465115224e-06
2,421723032803586e-06
2,429474663464903e-06
2,4417769987101976e-06
2,4580447777648772e-06
2,475897728968046e-06
2,493453798726974e-06
2,5100752104591715e-06
2,5262867399901313e-06
2,5415785155327855e-06
2,5548642406346273e-06
2,5661128865051775e-06
2,575165835765274e-06
2,5815451754517615e-06
2,584655781664684e-06
2,5842730651533485e-06
2,581324421313437e-06
2,57810301224946e-06
2,5764223045194574e-06
2,5763399192063748e-06
2,576790758519309e-06
2,5773148022958805e-06
2,5778847135775793e-06
2,577986190269797e-06
2,578077209264379e-06
2,579248641716411e-06
2,5824523081438423e-06
2,586974323729383e-06
2,5909344872591445e-06
2,592709022980823e-06
2,5913317579794805e-06
2,5869847082535017e-06
2,5810602129121006e-06
2,5751526206162376e-06
2,5687710012949682e-06
2,5602339944169015e-06
2,5485895830797215e-06
2,5345994637100547e-06
2,5203078769775133e-06
2,507917514196218e-06
2,49914602349429e-06
2,494312473083852e-06
2,4922351548306622e-06
2,4912759681846365e-06
2,4906005302186966e-06
2,489714809034295e-06
2,4886982205873046e-06
2,4876191574470865e-06
2,4865215015241277e-06
2,485505307276778e-06
2,484861989370225e-06
2,485293676954613e-06
2,487049103457111e-06
2,489500718042968e-06
2,4918033259900656e-06
2,494868506038703e-06
2,499964769008196e-06
2,5078462274777876e-06
2,5182810392405426e-06
2,529923889109738e-06
2,54165849798755e-06
2,553548621175766e-06
2,566258689132013e-06
2,579983562738423e-06
2,5944036162018976e-06
2,608915870071324e-06
2,6226293203888713e-06
2,635049673258176e-06
2,647331350874433e-06
2,6606220821439285e-06
2,67404356453256e-06
2,6854184271836975e-06
2,6935481710622807e-06
2,6981559704888274e-06
2,6995377339932636e-06
2,69908398332024e-06
2,7170184686167904e-06
2,9849905969989864e-06
3,5975731233707744e-06
4,348896872667452e-06
5,047071238074282e-06
5,595227150133064e-06
5,9675164614447215e-06
6,1732279535631e-06
6,2393119369977e-06
6,19468216513058e-06
6,065910813000308e-06
5,877167436410045e-06
5,647053090664732e-06
5,3917699822503714e-06
5,121567148166033e-06
4,846841608955686e-06
4,573064008616526e-06
4,306116086725802e-06
4,047712314002338e-06
3,8004299538105976e-06
3,5655006642030993e-06
3,34234276157887e-06
3,1316407368541207e-06
2,933393471049127e-06
2,748603648407927e-06
2,5752475621932826e-06
2,41508043565421e-06
2,2649636421089796e-06
2,126403390392072e-06
1,9970322287510795e-06
1,8765119745172328e-06
1,7646202157304958e-06
1,660211141292078e-06
1,563163169584462e-06
1,472634944112813e-06
1,388774377544826e-06
1,311636766395013e-06
1,2400138221621225e-06
1,1736306423698818e-06
1,1121861022314616e-06
1,0544598508795237e-06
1,0006684695199009e-06
9,508398380190551e-07
9,035901475788137e-07
8,605500159029775e-07
8,187318909570777e-07
7,801392579285369e-07
7,430550173002283e-07
7,09627036093079e-07
6,781545866368214e-07
6,486989402565401e-07
6,220059153424508e-07
5,978074447293553e-07
5,741385372218456e-07
5,529034335979311e-07
5,332004181045101e-07
5,151856574500479e-07
4,979928442612272e-07
4,834743488840021e-07
4,693796367984129e-07
4,571998072349997e-07
4,437837170547466e-07
4,320363977433876e-07
4,201105431224336e-07
4,080780627505171e-07
3,9797437513164893e-07
3,869554673026969e-07
3,766769527100289e-07
3,668777455076523e-07
3,56587988174038e-07
3,459467324746261e-07
3,35464000685004e-07
3,256676354874786e-07
3,164106848382023e-07
3,0760125783311284e-07
2,9901245304562906e-07
2,902175344338029e-07
2,8112047231903473e-07
2,7233875613501626e-07
2,6455837486667354e-07
2,580288795174083e-07
2,525626196648531e-07
2,476684991374284e-07
2,432439293431674e-07
2,391228237495457e-07
2,3504642778480894e-07
2,3102584870602634e-07
2,2712704553259123e-07
2,234417724066047e-07
2,198964805972434e-07
2,1658870347303774e-07
2,1286912672772918e-07
2,0859819724642947e-07
2,0374683320538983e-07
1,9894327551917373e-07
1,9455009606233361e-07
1,9063321470479364e-07
1,8722645409028889e-07
1,8441837409704513e-07
1,8172875734479425e-07
1,788980814145901e-07
1,7614941611792168e-07
1,7377831425232705e-07
1,7197045137656464e-07
1,7072575150437637e-07
1,700893064980833e-07
1,6982010357912783e-07
1,6947737000688042e-07
1,6893385132954247e-07
1,6788937079348016e-07
1,6636506868697207e-07
1,6478972563608041e-07
1,632964285967604e-07
1,6191603241283797e-07
1,6072142181078885e-07
1,5941645338259753e-07
1,579662172655518e-07
1,560491554077154e-07
1,5368135501127165e-07
1,5059773902655275e-07
1,4718604517215744e-07
1,4372623544019718e-07
1,402873201821073e-07
1,3693160024215246e-07
1,334297410670125e-07
1,294238646536937e-07
1,2490555456080131e-07
1,203106838730085e-07
1,1620038396137875e-07
1,1286296954926045e-07
1,103843250248572e-07
1,0866024693258003e-07
1,0748664053577391e-07
1,0668283293503783e-07
1,0572494632161237e-07
1,0430428000452779e-07
1,0264793797396151e-07
1,0103093425501532e-07
9,972492665466775e-08
9,870099638849426e-08
9,760372149840297e-08
9,605151123635359e-08
9,389779803055041e-08
9,121782991693294e-08
8,832422010236833e-08
8,570191000357666e-08
8,35846553641287e-08
8,173097360082998e-08
7,998213300950394e-08
7,814001685859913e-08
7,602888258627565e-08
7,343161232630858e-08
7,051790979735199e-08
6,760802271712322e-08
6,477072969537243e-08
6,196478788896434e-08
5,9103229382717656e-08
5,604950688571177e-08
5,311852837117098e-08
5,05373525090553e-08
4,814640697912042e-08
4,6020142901670037e-08
4,431130757961155e-08
4,305972292354546e-08
4,227370486827688e-08
4,1834046916196513e-08
4,156215725983411e-08
4,146124483783652e-08
4,1583620824491046e-08
4,172868608534576e-08
4,147656190635958e-08
4,0630727908467086e-08
3,949051325796701e-08
3,862947887631701e-08
3,850808978547334e-08
3,9103705780769744e-08
4,024094859726736e-08
4,149511656155699e-08
4,24560420325104e-08
4,293907035965531e-08
4,317783647468882e-08
4,356873759988794e-08
4,458320074471966e-08
4,6622973061217766e-08
4,965250643813769e-08
5,33954465913161e-08
5,758432106885601e-08
6,203068320041802e-08
6,648655341877944e-08
7,071998950333435e-08
7,455244705726276e-08
7,799549671897068e-08
8,120743455381459e-08
8,42325536994664e-08
8,698065618422793e-08
8,955816629917453e-08
9,238864986215264e-08
9,580445653035897e-08
9,979320184144336e-08
1,0420667777679268e-07
1,088676245565654e-07
1,136642132461565e-07
1,1854673125419682e-07
1,2349330237045663e-07
1,2817086266981676e-07
1,3220563372082666e-07
1,3569656096048297e-07
1,3900819169969088e-07
1,4240172434348122e-07
1,4589211872646741e-07
1,4930308993336054e-07
1,524940946315252e-07
1,5556209988615114e-07
1,5879512954868023e-07
1,6228144707650134e-07
1,6588100766225787e-07
1,69219879822991e-07
1,7207081345000874e-07
1,7462448642243508e-07
1,7728137203153415e-07
1,8029183486385313e-07
1,8364990360893754e-07
1,8736515538579795e-07
1,913700931569668e-07
1,9553905555990673e-07
1,996095766022385e-07
2,0327544516875938e-07
2,0640966065097242e-07
2,0931476339162873e-07
2,1236973965015035e-07
2,1554447864640899e-07
2,1871351714874847e-07
2,2165686725635188e-07
2,240677032154583e-07
2,2567306984355272e-07
2,264925094855306e-07
2,269746552783717e-07
2,2774450812999853e-07
2,2905069042650601e-07
2,307885700899969e-07
2,3255558245288522e-07
2,3391926598663073e-07
2,3468690137113717e-07
2,3480760225143504e-07
2,3435117291519977e-07
2,3373209528449012e-07
2,3344457749261055e-07
2,3376529678108216e-07
2,3469454663289586e-07
2,3600922753384146e-07
2,370947621541199e-07
2,3731799648060405e-07
2,3657186749693827e-07
2,3514371094729098e-07
2,334499565922964e-07
2,3174069447071602e-07
2,3037203185655238e-07
2,2955619689402238e-07
2,289808174408753e-07
2,2832963238539154e-07
2,2716461030702003e-07
2,2530072812943815e-07
2,2336549235111776e-07
2,220771097863382e-07
2,2159507132192907e-07
2,2170211609164434e-07
2,2196263222364608e-07
2,22084535607789e-07
2,221013311481996e-07
2,2203579019060713e-07
2,2176099992512236e-07
2,2070031224104936e-07
2,1813701979587206e-07
2,1378955522129957e-07
2,0777603197631437e-07
2,0040732818637438e-07
1,9205309010785876e-07
1,8305789788531915e-07
1,7371934265434504e-07
1,6427636916672827e-07
1,549045273003696e-07
1,4574469312297599e-07
1,3688617443227712e-07
1,2839142805168541e-07
1,203022754025259e-07
1,1263359772217943e-07
1,0540141776274079e-07
9,859525336318542e-08
9,221144367367072e-08
8,623284730792295e-08
8,064757740565974e-08
7,542760019012933e-08
7,056455659080336e-08
6,602667203385736e-08
6,180028782343913e-08
5,786385907681185e-08
5,419804412172603e-08
5,0783845299855566e-08
4,7603362809488505e-08
4,46434850486065e-08
4,188797471143533e-08
3,931706197905977e-08
3,692312472721444e-08
3,468952404054647e-08
3,2608245068972985e-08
3,0663655095075665e-08
2,8852441614188594e-08
2,715859502278287e-08
2,5576413852990073e-08
2,409694601161088e-08
2,2715152406702176e-08
2,1419892421471496e-08
2,0209043314520343e-08
1,9079093538496807e-08
1,8015664550077813e-08
1,70230061887886e-08
1,609086478617024e-08
1,5215126820739405e-08
1,4394239920880375e-08
1,3620008136493822e-08
1,2899141122913253e-08
1,2219316574200334e-08
1,1579018555936138e-08
1,09798096299367e-08
1,0413509536328e-08
9,8794972635071e-09
9,3780907004534e-09
8,904878447964698e-09
8,4585184409346e-09
8,0403367175293e-09
7,643360360097e-09
7,270181067406001e-09
6,9164689852277e-09
6,5814762012591e-09
6,2667359872089995e-09
5,9675566208792995e-09
5,6859606956778005e-09
5,4190638513867e-09
5,1658503531618996e-09
4,9260061423373e-09
4,6989616579709e-09
4,484390047928401e-09
4,280808297487e-09
4,0876401209006e-09
3,9045668450839996e-09
3,7310027856367e-09
3,5661808566943004e-09
3,4096766112721005e-09
3,2612531004466e-09
3,1200453896391e-09
2,9857650683969e-09
2,8579859634807e-09
2,7364887674176005e-09
2,6209176819689e-09
2,5108681030308996e-09
2,4059656664726997e-09
2,3065089668241996e-09
2,2114904423819e-09
2,1211205599578996e-09
2,034916030236e-09
1,9524094644172e-09
1,8738531690304e-09
1,7990073091353e-09
1,7274350158635e-09
1,6596690862389998e-09
1,5945234296068e-09
1,5324496671435e-09
1,4729311694544e-09
1,4161422713841e-09
1,3620819166148001e-09
1,3102497823861002e-09
1,2605941715627e-09
1,2131340428351003e-09
1,1677472613253001e-09
1,1243266490079997e-09
1,082897148239e-09
1,0431639142583001e-09
1,0049749562678002e-09
9,685374088642e-10
9,3352720751e-10
9,000445734203e-10
8,678599151337e-10
8,370508392353e-10
8,075013140662e-10
7,791324617851998e-10
7,519884113144999e-10
7,259349705572e-10
7,009654247683e-10
6,769172340949999e-10
6,538982471755e-10
6,317827347734998e-10
6,104584935615e-10
5,899682983705999e-10
5,702638031896001e-10
5,513812960931001e-10
5,331619832303e-10
5,156429273388e-10
4,988235216612e-10
4,826037618569e-10
4,670232588241e-10
4,5202488074160007e-10
4,3760433588049995e-10
4,23691416659e-10
4,103109820240999e-10
3,974348634939e-10
3,8501123084659997e-10
3,730626145688e-10
3,6151003342780007e-10
3,504328652523e-10
3,3971199177380004e-10
3,2941708204229994e-10
3,1946308032500006e-10
3,0986371248650005e-10
3,005549214931e-10
2,9162450101809996e-10
2,829881880931e-10
2,74651902e-10
2,666172536078e-10
2,588533848378e-10
2,513596610299e-10
2,441188103057e-10
2,3713279830919997e-10
2,303717387401e-10
2,2383635281689999e-10
2,175176009932e-10
2,1142072764019997e-10
2,0552297772990005e-10
1,998307848558e-10
1,943303062741e-10
1,890127731452e-10
1,838386744773e-10
1,788593740206e-10
1,7401507631500003e-10
1,6932439321040002e-10
1,6481054752890002e-10
1,6043151807989998e-10
1,5621434782989997e-10
1,5210074703729997e-10
1,481228675007e-10
1,4426072160649996e-10
1,4051645614789996e-10
1,3691133424480002e-10
1,3341953000829997e-10
1,30033310689e-10
1,267400591404e-10
1,235406835611e-10
1,2043285026040002e-10
1,174434529908e-10
1,145318863683e-10
1,1171447251430002e-10
1,0898070849050001e-10
1,0631273584780003e-10
1,037341598594e-10
1,0121854283889998e-10
9,87986392106e-11
9,643190294860002e-11
9,414469247549998e-11
9,19237476256e-11
8,975643439430002e-11
8,76614377766e-11
8,56222248206e-11
8,364598348190001e-11
8,17209096824e-11
7,985157114279999e-11
7,8042699467e-11
7,627252116980002e-11
7,455425428509999e-11
7,288470961809998e-11
7,12661827207e-11
6,9686818402e-11
6,81548934512e-11
6,666316962599999e-11
6,52052190641e-11
6,379238194159999e-11
6,24158469874e-11
6,108004956530002e-11
5,97800750862e-11
5,851397629229999e-11
5,7279785106800003e-11
5,60750558665e-11
5,4905410177400005e-11
5,375864971969999e-11
5,264749786159999e-11
5,1573147335899994e-11
5,0517174071200005e-11
4,948782767829999e-11
4,8494637631899995e-11
4,7512383298499994e-11
4,65670744688e-11
4,56344778984e-11
4,473717732519999e-11
4,38507364309e-11
4,29949351213e-11
4,21619629839e-11
4,13412797108e-11
4,0545684963699995e-11
3,9771398393e-11
3,901500606499999e-11
3,82743622713e-11
3,7551788578100006e-11
3,684829426410001e-11
3,616114591770001e-11
3,5490853383899996e-11
3,4834736037599997e-11
3,419185825780001e-11
3,356573176069999e-11
3,2952665718e-11
3,2357942213e-11
3,177370952149999e-11
3,12124229343e-11
3,0655110320700006e-11
3,0110744734400005e-11
2,958445941770001e-11
2,9065773693100004e-11
2,8555357066399996e-11
2,80668157895e-11
2,7578519058000006e-11
2,7110479534499997e-11
2,6640610579699997e-11
2,6191576592000005e-11
2,57477436819e-11
2,53156130266e-11
2,4894565816300004e-11
2,4480516989199997e-11
2,4076407822800002e-11
2,3679460224700002e-11
2,3290923493799995e-11
2,2911931619e-11
2,25399072543e-11
2,2177154073e-11
2,1821281407799998e-11
2,1474059698399996e-11
2,1132679100399998e-11
2,07987047099e-11
2,0470913729899996e-11
2,01519257568e-11
1,98381205682e-11
1,95308887618e-11
1,9229909832800003e-11
1,89347349699e-11
1,86453199302e-11
1,8362085612700002e-11
1,8083595445e-11
1,7812000910499997e-11
1,7545269077999997e-11
1,7285167270300004e-11
1,7028910001399993e-11
1,6777599493099998e-11
1,6531709390700003e-11
1,6290427720300002e-11
1,6053493570100002e-11
1,5821558714899996e-11
1,55936337454e-11
1,537008033e-11
1,5151577837099997e-11
1,4936900529800002e-11
1,4725080428499998e-11
1,4518477351e-11
1,43155428335e-11
1,41161774606e-11
1,3921556835899998e-11
1,3729147674500004e-11
1,3541481226899999e-11
1,3355894811099996e-11
1,3174405921299996e-11
1,29961077303e-11
1,28213382221e-11
1,2648958451199998e-11
1,2480296471200001e-11
1,2314266843599999e-11
1,2150977669799998e-11
1,1991319620099999e-11
1,1833496709800001e-11
1,1679089157300001e-11
1,15276542481e-11
1,13786646653e-11
1,1232563669999999e-11
1,1088437473600003e-11
1,09467507588e-11
1,08073538868e-11
1,0670255613199997e-11
1,0536173302000001e-11
1,04038167556e-11
1,0274130640399999e-11
1,0145683928500002e-11
1,0020455201499999e-11
9,896990740800001e-12
9,7757968541e-12
9,656037572e-12
9,5382857838e-12
9,4222718219e-12
9,3083199792e-12
9,1961384826e-12
9,0859321419e-12
8,978177452199997e-12
8,871171284400002e-12
8,766756508300002e-12
8,663075594299999e-12
8,561410374199998e-12
8,461556060899997e-12
8,3621698933e-12
8,265369092700002e-12
8,170121780699998e-12
8,0763075559e-12
7,983775859400001e-12
7,8924756286e-12
7,802652823699999e-12
7,7138292347e-12
7,627525832700001e-12
7,541338950299998e-12
7,456625986899999e-12
7,3741383694e-12
7,291794010999998e-12
7,2115341909e-12
7,1314532456999995e-12
7,053284913e-12
6,975278251299999e-12
6,899456411300001e-12
6,8247081357e-12
6,751071713999999e-12
6,677321479699998e-12
6,6056960804999996e-12
6,5349860303000006e-12
6,4650599441e-12
6,396208170599998e-12
6,3282048338000005e-12
6,261327064200002e-12
6,195095866599999e-12
6,1308599895e-12
6,0664250770000016e-12
6,002883831400001e-12
5,940298091900001e-12
5,8795150813999985e-12
5,8184214949e-12
5,758089084199999e-12
5,699565728499999e-12
5,640687011400001e-12
5,583824761099999e-12
5,526550055100001e-12
5,4710651374000005e-12
5,416250559299999e-12
5,361072312100001e-12
5,3076370712999994e-12
5,254885247099999e-12
5,2017735535e-12
5,150245847999999e-12
5,0994300654e-12
5,049171791100001e-12
4,9994906884e-12
4,950499030799999e-12
4,9011326338000006e-12
4,853358287699999e-12
4,8061607458999995e-12
4,759585131900001e-12
4,713527789e-12
4,669049771700001e-12
4,6241050547e-12
4,579670505499999e-12
4,5358079515000014e-12
4,492442611e-12
4,449634975200001e-12
4,407280641100001e-12
4,366387433599999e-12
4,325046159299998e-12
4,284155415400001e-12
4,2437442241e-12
4,2047883097e-12
4,165291460600001e-12
4,1271713908999996e-12
4,088589066300001e-12
4,050396531799999e-12
4,0136391416e-12
3,976339192600001e-12
3,9404145086000005e-12
3,903942473500001e-12
3,8688087522e-12
3,8331553776e-12
3,798849611600001e-12
3,763933811100001e-12
3,730380461e-12
3,697177897e-12
3,6633857045e-12
3,6309412904000005e-12
3,5988366623e-12
3,5661551867000003e-12
3,5347100929999995e-12
3,5036035981e-12
3,471938210900001e-12
3,4415643117000006e-12
3,4114744218999996e-12
3,3815564653999995e-12
3,3519158820000003e-12
3,322642736e-12
3,293650012900001e-12
3,2650730960000002e-12
3,2366980083e-12
3,2086904307999994e-12
3,1809941871000006e-12
3,1535882912e-12
3,1264584276e-12
3,0997164709e-12
3,0731294975000004e-12
3,0469218128e-12
3,0209611238000004e-12
2,9953210527000003e-12
2,9698848029999993e-12
2,9447365467e-12
2,919831641e-12
2,8952719310999997e-12
2,8708900844000002e-12
2,8468532536e-12
2,8230521416000005e-12
2,7993492152e-12
2,7759748133999995e-12
2,7529613383000004e-12
2,7300871208e-12
2,7074116747e-12
2,6850695172e-12
2,6628326242e-12
2,6409218499e-12
2,619251568300001e-12
2,5977826578999995e-12
2,576526728500001e-12
2,5554881276e-12
2,5346254703999996e-12
2,513977615599999e-12
2,493545814999999e-12
2,4733484299000007e-12
2,4534072749999998e-12
2,4335247697999996e-12
2,4139444089999995e-12
2,3945698340000004e-12
2,3753677176999995e-12
2,3563444654e-12
2,3374786802999997e-12
2,3187626970999997e-12
2,3002561205000005e-12
2,2820209549999996e-12
2,2638716814e-12
2,2460009824000002e-12
2,2281673178e-12
2,2105777216999993e-12
2,1931517585999997e-12
2,1759260856e-12
2,1588458944e-12
2,141901832e-12
2,1251100147e-12
2,1085006947e-12
2,0920256019e-12
2,0756817483999997e-12
2,0596256239e-12
2,0435902432e-12
2,0277912312e-12
2,012046509600001e-12
1,9965242350999998e-12
1,9811674448999996e-12
1,9658430178000008e-12
1,9507556733000004e-12
1,9357694793000007e-12
1,9209523915000007e-12
1,9062386642e-12
1,8916683865999997e-12
1,8772227320999997e-12
1,8628978945000002e-12
1,8488087433000004e-12
1,8347508316000003e-12
1,8207899541000002e-12
1,8070788925999998e-12
1,7933589943000004e-12
1,7798581537e-12
1,7664098294e-12
1,7531512773000001e-12
1,7400230745999999e-12
1,7269045503999996e-12
1,7139781778e-12
1,7011923051e-12
1,6884908955e-12
1,6759119940000002e-12
1,6634471353e-12
1,6510646829e-12
1,6387888910999996e-12
1,6266464239000001e-12
1,6145706867e-12
1,6027237407999999e-12
1,5908860071999998e-12
1,5791261175999998e-12
1,5674838977999998e-12
1,5560364464999996e-12
1,5445825444999999e-12
1,5333132073e-12
1,5220283975999999e-12
1,5109429165e-12
1,4999711586999997e-12
1,4889798594e-12
1,4781686319000004e-12
1,4674322587000002e-12
1,4567137086e-12
1,4461868381e-12
1,4357425331999999e-12
1,4253784916e-12
1,4150946762999998e-12
1,4048819425000001e-12
1,3947500435000005e-12
1,3847235323999998e-12
1,3747918088000002e-12
1,364938862e-12
1,3551627405000003e-12
1,3454619022000004e-12
1,3358337904199998e-12
1,32637847864e-12
1,3169003688599999e-12
1,30749492038e-12
1,2981661512399998e-12
1,2890034432600001e-12
1,27981236062e-12
1,27079558778e-12
1,2617484520399997e-12
1,2527821398999998e-12
1,2439795605999995e-12
1,2351520960599996e-12
1,22649223996e-12
1,2178990524600002e-12
1,2092821110600002e-12
1,2008298009599996e-12
1,1923513840599998e-12
1,18403451776e-12
1,1757931508e-12
1,1676145829e-12
1,15941210584e-12
1,1513749220800003e-12
1,14340040198e-12
1,13546426042e-12
1,12757258602e-12
1,1197487966800002e-12
1,1119944158400003e-12
1,1042067673400001e-12
1,0965838486099995e-12
1,0890284136300002e-12
1,0815355210399997e-12
1,0740829307700003e-12
1,0667709346900003e-12
1,05942207942e-12
1,0521402685300004e-12
1,0449238803499998e-12
1,03776638074e-12
1,0306480406099997e-12
1,02357212577e-12
1,0165617500700002e-12
1,0097074016700002e-12
1,00282537854e-12
9,959726325999997e-13
9,891635143100006e-13
9,825120888100003e-13
9,758264807800003e-13
9,691793311199999e-13
9,626642651300003e-13
9,5611603332e-13
9,497227548999997e-13
9,432661419300002e-13
9,368514037199996e-13
9,305953423100002e-13
9,243013347300001e-13
9,181378874e-13
9,1192001119e-13
9,058560290299998e-13
8,9972848549e-13
8,937356710199999e-13
8,877054912199998e-13
8,8183075893e-13
8,7598829421e-13
8,700871235400001e-13
8,643403981099998e-13
8,585360221299999e-13
8,5286434371e-13
8,472313761399999e-13
8,4154519217e-13
8,359950492e-13
8,3048476889e-13
8,250127726499999e-13
8,1949057095e-13
8,1410439397e-13
8,087525483300001e-13
8,034397173199999e-13
7,980750607799999e-13
7,9284718461e-13
7,876554895200001e-13
7,824983362999998e-13
7,77379753e-13
7,722950211200001e-13
7,6715569597e-13
7,621510532900001e-13
7,571794731799999e-13
7,5224251189e-13
7,4734523805e-13
7,424801318900001e-13
7,376512979000002e-13
7,328542664700001e-13
7,280913215499999e-13
7,233637128499999e-13
7,186677441000001e-13
7,140095880000003e-13
7,093851108199999e-13
7,047635438e-13
7,002157667400001e-13
6,956875290600001e-13
6,9118664277e-13
6,8673472406e-13
6,823126960099999e-13
6,779117447299999e-13
6,735542655e-13
6,692246260099999e-13
6,649254218199999e-13
6,606586299e-13
6,5643290148e-13
6,522223450700002e-13
6,480435192800001e-13
6,439029444199999e-13
6,397927762000002e-13
6,3570143566e-13
6,316499561e-13
6,276244486899999e-13
6,2362865591e-13
6,196585450300002e-13
6,1571980923e-13
6,118071367199999e-13
6,0791928388e-13
6,0407188231e-13
6,0023917492e-13
5,964437546200003e-13
5,926660030500001e-13
5,889240606499999e-13
5,852043480499999e-13
5,815117275899999e-13
5,778364324000001e-13
5,741948209400002e-13
5,705820621399998e-13
5,670003874499998e-13
5,634357254600001e-13
5,5989244755e-13
5,5637444467e-13
5,528953418199998e-13
5,494231886e-13
5,458964172300001e-13
5,423876368400001e-13
5,3891239397e-13
5,354558195399999e-13
5,320258319599998e-13
5,286051562e-13
5,252160560100001e-13
5,218499407500001e-13
5,185016423799998e-13
5,1517360097e-13
5,118773963e-13
5,0859127611e-13
5,0532836426e-13
5,02085058e-13
4,9887014957e-13
4,9566898867e-13
4,924964534200001e-13
4,8933302495e-13
4,861987679e-13
4,830841512399998e-13
4,799821310900001e-13
4,769088017e-13
4,738561152199999e-13
4,708221735899999e-13
4,6780666505e-13
4,6481068548e-13
4,618353567299999e-13
4,5888101757e-13
4,559462702e-13
4,5302930248999993e-13
4,501333373299999e-13
4,4726277944000007e-13
4,4439714352e-13
4,415487456e-13
4,3872946374999994e-13
4,3592032203e-13
4,3313757671000005e-13
4,3036180795999995e-13
4,276130848599999e-13
4,248815292e-13
4,2216036412e-13
4,19468747e-13
4,1679307554e-13
4,1413436735999994e-13
4,1149263805000004e-13
4,0885856227e-13
4,0625125556e-13
4,0366071201e-13
4,0108682355999997e-13
3,9852697650000004e-13
3,959915315900001e-13
3,9346317661e-13
3,9095230485e-13
3,884577500399999e-13
3,8598033996000003e-13
3,8352654224000013e-13
3,8107746188999997e-13
3,7864598901e-13
3,762406707500001e-13
3,7383933845999997e-13
3,7146206292000004e-13
3,6909271639999997e-13
3,6674936421999997e-13
3,6441129102999997e-13
3,6209693779e-13
3,5978675402999993e-13
3,5750097237000004e-13
3,5523157933e-13
3,5297653717e-13
3,507263117e-13
3,4850033823999997e-13
3,4628835249999996e-13
3,440903985999999e-13
3,4190687976000005e-13
3,3973661952e-13
3,3758086285e-13
3,3542944196999996e-13
3,3330006792000003e-13
3,31194179078e-13
3,29092545902e-13
3,27005277452e-13
3,24931361592e-13
3,2286871770600016e-13
3,2082106705000006e-13
3,1878649376e-13
3,1677364815399996e-13
3,14761824388e-13
3,12764511522e-13
3,10780549546e-13
3,088180447240001e-13
3,0685727030799994e-13
3,0490788777200005e-13
3,0298201262e-13
3,0106021480799996e-13
2,9915968187199996e-13
2,9726074635999996e-13
2,9538312014800004e-13
2,93507221476e-13
2,91651647454e-13
2,89801101952e-13
2,8797306919999997e-13
2,86157006108e-13
2,84342341043e-13
2,8254910622e-13
2,807661225319999e-13
2,789857103900001e-13
2,77225716554e-13
2,7547690142399994e-13
2,7373961167600006e-13
2,72003474131e-13
2,7028876759499994e-13
2,68582327045e-13
2,6688476724e-13
2,65198582962e-13
2,63523317911e-13
2,618593295550001e-13
2,60206222372e-13
2,58564559441e-13
2,5693386976e-13
2,5531165189700004e-13
2,536979776539999e-13
2,5209574614100007e-13
2,5050419180899993e-13
2,4892380808600006e-13
2,4735199729400004e-13
2,457893411049999e-13
2,4423744654500004e-13
2,4269665899299993e-13
2,4116402833600003e-13
2,3964059007500003e-13
2,381368759310001e-13
2,36632637802e-13
2,3513666492999995e-13
2,3365230114000007e-13
2,32185849874e-13
2,3071788579200006e-13
2,292614575989999e-13
2,2781238563899996e-13
2,26381842534e-13
2,2495237474599994e-13
2,2353182689599997e-13
2,2212872932500002e-13
2,2072446090999997e-13
2,1933823730999998e-13
2,17950434824e-13
2,1657182968499998e-13
2,15210316259e-13
2,1384778884600002e-13
2,1250540525400002e-13
2,1116163127499994e-13
2,09833785589e-13
2,08504868565e-13
2,0719370608299998e-13
2,0588113749699998e-13
2,0458619291300001e-13
2,0328987737699996e-13
2,0201196679100002e-13
2,0074206637699996e-13
1,99470674501e-13
1,9821748162300001e-13
1,96972042277e-13
1,95723093662e-13
1,9449217871000002e-13
1,9325968219200003e-13
1,92042594709e-13
1,9083394163699998e-13
1,89633481075e-13
1,88428755699e-13
1,87242219858e-13
1,8606314400899996e-13
1,8488091592400006e-13
1,83716560492e-13
1,82559930573e-13
1,81409265787e-13
1,80266775525e-13
1,7912261436699997e-13
1,77993682221e-13
1,76870366132e-13
1,7575530937999996e-13
1,7464834991200003e-13
1,7354700831899996e-13
1,72441375379e-13
1,7135427642700004e-13
1,70274093742e-13
1,69200114826e-13
1,6813101758700003e-13
1,6706796179499996e-13
1,6601312345000003e-13
1,6496601464999998e-13
1,6392439456399998e-13
1,6288848209900003e-13
1,61857788558e-13
1,6083241215799998e-13
1,59812780213e-13
1,5880114864199998e-13
1,5779750109399997e-13
1,5679930131800007e-13
1,5580660149799998e-13
1,5481936229299995e-13
1,5383735706799998e-13
1,5286120607799998e-13
1,51890358328e-13
1,5092462223200004e-13
1,49964584144e-13
1,4900996754499997e-13
1,4806340973600002e-13
1,4712476497900002e-13
1,4619148214199997e-13
1,45263359438e-13
1,4434091371899996e-13
1,4343318018599998e-13
1,42521304812e-13
1,4161497902200004e-13
1,40713888172e-13
1,39818304122e-13
1,3892810617700004e-13
1,3804327326100004e-13
1,37173590704e-13
1,3629940422000002e-13
1,3543062091699999e-13
1,3456925808299998e-13
1,3371036629400002e-13
1,32854590619e-13
1,3200408908700003e-13
1,31159028723e-13
1,30320198696e-13
1,2948564904699996e-13
1,28657288931e-13
1,2783342594499998e-13
1,2701583358700002e-13
1,2620261894800005e-13
1,2539553016e-13
1,24593963886e-13
1,2379482493000002e-13
1,22998791185e-13
1,22206997363e-13
1,2142256796000003e-13
1,20642388915e-13
1,19867467122e-13
1,1909773165400002e-13
1,18330460164e-13
1,17566258204e-13
1,1680842593399994e-13
1,1605482437700002e-13
1,1530742484299999e-13
1,14564276437e-13
1,1382449653500003e-13
1,1308770267899998e-13
1,1235533111699998e-13
1,1162916039900001e-13
1,1090823905400001e-13
1,10189666211e-13
1,09474327822e-13
1,0876414798399999e-13
1,0805913419300001e-13
1,07359324407e-13
1,0666193413899998e-13
1,0596754193299999e-13
1,0527851769200001e-13
1,0459460997299998e-13
1,0391415943700002e-13
1,0323567635000001e-13
1,0256240221700001e-13
1,0189512757099999e-13
1,01229604247e-13
1,0056800783599998e-13
9,991154379299998e-14
9,925649520899999e-14
9,860535162399998e-14
9,7959406975e-14
9,731778837399999e-14
9,667955370399999e-14
9,6044296776e-14
9,541415118e-14
9,478635775300002e-14
9,416150893699999e-14
9,354179702100003e-14
9,292446925899999e-14
9,2310114782e-14
9,170087200100001e-14
9,109397530999999e-14
9,049093428699998e-14
8,9892053126e-14
8,929551090700002e-14
8,8702887599e-14
8,811468259100002e-14
8,7528806757e-14
8,694684148299999e-14
8,6368963934e-14
8,5794416797e-14
8,522276508500002e-14
8,4652535452e-14
8,408613467000001e-14
8,3524800617e-14
8,2964925486e-14
8,24089222e-14
8,185800224299999e-14
8,1309367595e-14
8,076368197300002e-14
8,021954379600002e-14
7,967930901299999e-14
7,914138063000002e-14
7,860637904200001e-14
7,8076498207e-14
7,754887388499999e-14
7,702516269e-14
7,6502759526e-14
7,598318648e-14
7,546603001799999e-14
7,495169599300002e-14
7,444234049799999e-14
7,393480491499999e-14
7,3430141686e-14
7,2929553125e-14
7,243054840699999e-14
7,193440085499999e-14
7,144206308500001e-14
7,095134687000001e-14
7,046441219900002e-14
6,997937465899998e-14
6,949785625799999e-14
6,9017987088e-14
6,8541684719e-14
6,806820690899999e-14
6,7596563664e-14
6,712849322000002e-14
6,666297900599999e-14
6,619907225300001e-14
6,5738733403e-14
6,5281014306e-14
6,482582162299999e-14
6,437295111700003e-14
6,392238112500001e-14
6,347369390700001e-14
6,302851592900001e-14
6,258592867200001e-14
6,2145665474e-14
6,170771343e-14
6,127232906579998e-14
6,08392941566e-14
6,040859680340002e-14
5,99804246682e-14
5,955549996399999e-14
5,91319061052e-14
5,871066446400001e-14
5,829175464619999e-14
5,787518089499998e-14
5,746187971919999e-14
5,7049868562e-14
5,664018290619999e-14
5,62328094414e-14
5,5828474610600003e-14
5,54255240488e-14
5,502483667560001e-14
5,4627195126200014e-14
5,4230618855400006e-14
5,383731697659999e-14
5,3445366543800006e-14
5,3055486382e-14
5,2668640619200006e-14
5,228283328579999e-14
5,1900127547e-14
5,15194161774e-14
5,11397688964e-14
5,076317004479999e-14
5,0387641185199993e-14
5,0015140837999993e-14
4,9644670856099984e-14
4,92753501133e-14
4,89089965592e-14
4,8544693209199994e-14
4,8181460138e-14
4,782121711799999e-14
4,746305706220001e-14
4,71068986187e-14
4,675159526170001e-14
4,639928716120001e-14
4,6049048624300006e-14
4,570055468369999e-14
4,5353862780099995e-14
4,50092218142e-14
4,46653849325e-14
4,43243715695e-14
4,39850875647e-14
4,3647647370700005e-14
4,331223199560001e-14
4,29785614674e-14
4,2646707179300005e-14
4,2316595425700007e-14
4,19883155926e-14
4,16617953226e-14
4,13371158706e-14
4,10141780201e-14
4,0692554043400005e-14
4,0372781134e-14
4,0054536888000003e-14
3,9738828091300015e-14
3,9423873472899994e-14
3,9110739817e-14
3,8799122238200005e-14
3,84893373014e-14
3,81813240879e-14
3,7876002207999995e-14
3,757124781370001e-14
3,726807171730002e-14
3,69666584097e-14
3,6667969969800015e-14
3,636985667419999e-14
3,60732672557e-14
3,57782069411e-14
3,5485681962900014e-14
3,5193666437199994e-14
3,4903260308e-14
3,46152697232e-14
3,4327862530600003e-14
3,4042970578700006e-14
3,3758818018800005e-14
3,3476243851900005e-14
3,3196150729699997e-14
3,29166184895e-14
3,2639560503899984e-14
3,236306018069999e-14
3,2089048456800004e-14
3,18156260206e-14
3,1544412179300004e-14
3,1273490605400004e-14
3,10051059955e-14
3,07372615285e-14
3,0471897221400005e-14
3,02068269304e-14
2,99440123868e-14
2,96817649746e-14
2,942201617560001e-14
2,916254950139999e-14
2,8905352697899996e-14
2,86496744942e-14
2,8394219182400002e-14
2,8141077830499993e-14
2,78894669675e-14
2,7638100307200004e-14
2,7389055620699997e-14
2,71412197452e-14
2,6893713954599998e-14
2,6648659501300002e-14
2,6404862225699998e-14
2,6161204483200005e-14
2,5919763565300003e-14
2,5679844787600003e-14
2,5440180776999996e-14
2,5202775235500004e-14
2,49665989236e-14
2,4731232271200005e-14
2,44973841069e-14
2,4263814495599996e-14
2,40325285381e-14
2,3802469843500003e-14
2,35734254915e-14
2,3345660745e-14
2,3118176099100002e-14
2,2892707270800004e-14
2,2668493930600005e-14
2,2445309888100008e-14
2,2223136276300002e-14
2,20024782135e-14
2,1782826511200003e-14
2,15632581393e-14
2,13456399814e-14
2,1129330388100003e-14
2,0914253078300002e-14
2,07001745582e-14
2,04871249289e-14
2,02753828802e-14
2,0064884671700003e-14
1,98553908101e-14
1,96469018795e-14
1,9439430289900004e-14
1,9232962211199995e-14
1,9027524077699997e-14
1,88231140084e-14
1,86199975926e-14
1,8418090582e-14
1,8217194098700002e-14
1,801730948040001e-14
1,7818455297000007e-14
1,76206096094e-14
1,7423783182499998e-14
1,7227978448899996e-14
1,70331731426e-14
1,68393799969e-14
1,6646603859499998e-14
1,6454839661e-14
1,6264098975800002e-14
1,6074369993899997e-14
1,5886597763799996e-14
1,5698592977199998e-14
1,5511380009e-14
1,5325182978100002e-14
1,51399925235e-14
1,4955839270799993e-14
1,4772687198899995e-14
1,4590544250299997e-14
1,44103564966e-14
1,4229941656000003e-14
1,40503182437e-14
1,38717147037e-14
1,3693902220900001e-14
1,3517097549200003e-14
1,33419925312e-14
1,3166704403200001e-14
1,29924216692e-14
1,2819160451700002e-14
1,2646921632499997e-14
1,24763544304e-14
1,23056149005e-14
1,2135887431899998e-14
1,1966908234000004e-14
1,1799670290999997e-14
1,1632466143100003e-14
1,14660070151e-14
1,1300341464799999e-14
1,1136626504400003e-14
1,09726860585e-14
1,08095446982e-14
1,0647411699999995e-14
1,04869671084e-14
1,03263392466e-14
1,0166734897299999e-14
1,00088133325e-14
9,850711879900002e-15
9,693348484500001e-15
9,5367788032e-15
9,382165814300005e-15
9,227325590299998e-15
9,0732827744e-15
8,920734299699998e-15
8,768479379399996e-15
8,617053372500002e-15
8,466322058500003e-15
8,316189659299999e-15
8,1667491343e-15
8,0181444039e-15
7,8702260546e-15
7,723131836199999e-15
7,5768209593e-15
7,4312386867e-15
7,286347692699999e-15
7,142276129999999e-15
6,998730015800001e-15
6,8559622918000006e-15
6,7139266832000005e-15
6,572673953700001e-15
6,4321452347000004e-15
6,292498086699998e-15
6,1534872712000004e-15
6,014980019500001e-15
5,8772532471000006e-15
5,740269826000002e-15
5,603882834099999e-15
5,4681867358000004e-15
5,3333128294000004e-15
5,1988510558000015e-15
5,065265883100001e-15
4,932307102000002e-15
4,7999581946e-15
4,668299181199999e-15
4,537458441399999e-15
4,407128942e-15
4,277489500000001e-15
4,1486676998999985e-15
4,0203568579e-15
3,892328720300001e-15
3,765089133300001e-15
3,638577543699999e-15
3,5124788679000002e-15
3,3869847795000002e-15
3,2622709439000008e-15
3,1383770456e-15
3,0148951027999997e-15
2,8919254814999994e-15
2,7697351305000006e-15
2,648266551399999e-15
2,527314775e-15
2,4069554392000008e-15
2,2870164280000002e-15
2,1675802764e-15
2,0490237689e-15
1,9308767037000004e-15
1,8132368235000004e-15
1,6962006846999999e-15
1,5795775329e-15
1,4635567849999999e-15
1,3482219058000001e-15
1,2337110384999998e-15
1,1197001489000001e-15
1,006107854e-15
8,931156214000003e-16
7,806290809999998e-16
6,685611465000001e-16
5,568770251e-16
4,456898626e-16
3,952403931e-16
3,926134896e-16
3,900970742e-16
3,876006536e-16
3,851209404e-16
3,826498652999999e-16
3,801917977e-16
3,7776119290000004e-16
3,7534317600000004e-16
3,7293897919999997e-16
3,705339719e-16
3,6814557410000007e-16
3,6587735979999997e-16
3,6352621560000006e-16
3,611930552999999e-16
3,5886893540000005e-16
3,565514169e-16
3,543470602e-16
3,5205438849999994e-16
3,4978666050000003e-16
3,476295565e-16
3,453788951e-16
3,432527203e-16
3,410393205e-16
3,3883806169999994e-16
3,367331439e-16
3,345418754999999e-16
3,3246357620000005e-16
3,3038936390000007e-16
3,282297462e-16
3,261824824e-16
3,2405885280000005e-16
3,2204323639999994e-16
3,200394070000001e-16
3,179513409000001e-16
3,159589798e-16
3,139817738999999e-16
3,1201583109999997e-16
3,0997269589999996e-16
3,08033462e-16
3,0610455630000003e-16
3,0418254959999997e-16
3,022695224e-16
3,0035993849999995e-16
2,9838331360000005e-16
2,964974642e-16
2,94629543e-16
2,927673663e-16
2,9092215020000006e-16
2,8908348370000004e-16
2,8725422009999997e-16
2,854389791e-16
2,8362945802e-16
2,8192465814e-16
2,8013154290000005e-16
2,7834902502e-16
2,7658262168e-16
2,7482667649999996e-16
2,730775048599999e-16
2,7143307617999993e-16
2,6969941533999997e-16
2,679891482999999e-16
2,662825735600001e-16
2,6468075618e-16
2,6299466454e-16
2,6131058310000005e-16
2,5963769286000006e-16
2,5807175322e-16
2,5643302287999997e-16
2,5488460974e-16
2,5325133254000006e-16
2,516344532e-16
2,5012250106e-16
2,4853069701999997e-16
2,4704417258e-16
2,4546107748e-16
2,4399029815999993e-16
2,4241611903000003e-16
2,409540288499999e-16
2,3940267851999993e-16
2,3795472346000003e-16
2,3651669980000004e-16
2,3498922608e-16
2,3356973134e-16
2,3206835567999997e-16
2,3066132593000005e-16
2,2925040877e-16
2,2775928803e-16
2,263752618e-16
2,2499645798e-16
2,2362336019000007e-16
2,2216004184e-16
2,2080290739e-16
2,1945549177000002e-16
2,1810761631000001e-16
2,1677446789000007e-16
2,1534746081000001e-16
2,1402186253000002e-16
2,1271059907e-16
2,1140540584000003e-16
2,101002628e-16
2,0881075955e-16
2,0751791229e-16
2,0613554455e-16
2,0486552933e-16
2,0361455472000002e-16
2,0236335691999996e-16
2,0112646374000003e-16
1,9989321859e-16
1,9865740782000005e-16
1,9743001404e-16
1,9620302637999995e-16
1,9499610966999998e-16
1,9379250825e-16
1,9260314011999996e-16
1,9151691893999998e-16
1,9032932397000002e-16
1,8915420962000002e-16
1,8798595418e-16
1,8682967137000002e-16
1,8567339174999998e-16
1,8451754492e-16
1,8336705227999998e-16
1,82318633e-16
1,8118321550000004e-16
1,8004693949000002e-16
1,7890899513000003e-16
1,7777721072999999e-16
1,7675107593e-16
1,7564383484999998e-16
1,7453872202e-16
1,734426762e-16
1,724493043e-16
1,7136253564999996e-16
1,7028494382000002e-16
1,6931402021999997e-16
1,6825842060000002e-16
1,6720703157e-16
1,6624812381000003e-16
1,6520724682000003e-16
1,6415967999999997e-16
1,6322317449000003e-16
1,6219118029999994e-16
1,6116346475000003e-16
1,6022782539000003e-16
1,5920501886999998e-16
1,5828438524000004e-16
1,5726639134999998e-16
1,5636606151999998e-16
1,5536638899000002e-16
1,5446060143e-16
1,5347470101e-16
1,5248665848000003e-16
1,5160230813e-16
1,5071751225000006e-16
1,4974536882e-16
1,4887692543e-16
1,4791573153999999e-16
1,4706236457999996e-16
1,4611057147999998e-16
1,4526529071999998e-16
1,4432241151000006e-16
1,4348767807000002e-16
1,4256475769999998e-16
1,4172757483999998e-16
1,4090176742e-16
1,3998047473e-16
1,3916427026999997e-16
1,3834819929999998e-16
1,3743567864000001e-16
1,3662560184e-16
1,3582109589000003e-16
1,3492877722999998e-16
1,3412763913000002e-16
1,3333159163000004e-16
1,3244555164000001e-16
1,3166190264999998e-16
1,3088831526000005e-16
1,3002402804999997e-16
1,2926373066000003e-16
1,2849968630999997e-16
1,2774312772e-16
1,2690102042e-16
1,2614453851000003e-16
1,2539924192e-16
1,2465291303000003e-16
1,2381302941000006e-16
1,2307077151000003e-16
1,2232958158e-16
1,2159682064999999e-16
1,2086525060000003e-16
1,2005143400000004e-16
1,1933393597e-16
1,1861843483999998e-16
1,1790683335000002e-16
1,1719268574e-16
1,1648670108999998e-16
1,1578532408999997e-16
1,1499528819e-16
1,1430211199e-16
1,1361433549e-16
1,1293604343e-16
1,1225089494e-16
1,1157761008000005e-16
1,1090490683000001e-16
1,1023275511e-16
1,0955964298e-16
1,0888581277e-16
1,0822606655e-16
1,0746407024e-16
1,0680396228e-16
1,0615205791000001e-16
1,0550122032999998e-16
1,0485451669999999e-16
1,0420763389000001e-16
1,0356822872e-16
1,0293034626999999e-16
1,0230178655000001e-16
1,0167523471e-16
1,0105180824999997e-16
1,0043240734000002e-16
9,980935705999999e-17
9,919564366e-17
9,858176567e-17
9,796782109999999e-17
9,746154934000001e-17
9,685821830999997e-17
9,625687278e-17
9,565627995000001e-17
9,506694439e-17
9,44767127e-17
9,389692662e-17
9,332098512e-17
9,274308347e-17
9,216747304e-17
9,158883577999999e-17
9,101648746999998e-17
9,053307431e-17
8,996009845000001e-17
8,938443631999999e-17
8,881289031999999e-17
8,824169778e-17
8,767286460000001e-17
8,711398127e-17
8,665135551000001e-17
8,610094650000002e-17
8,555496675e-17
8,501442501000001e-17
8,447931191999999e-17
8,394122796999999e-17
8,350985303000002e-17
8,298026343999998e-17
8,245595436000002e-17
8,193815521e-17
8,142957410999999e-17
8,101973008000003e-17
8,050788365e-17
7,999451510999999e-17
7,947278881e-17
7,895727711000001e-17
7,853537082000002e-17
7,802285501000001e-17
7,752111196e-17
7,701263056e-17
7,660073630000001e-17
7,60935817e-17
7,558356924000001e-17
7,507695104000001e-17
7,467106905000001e-17
7,417560879e-17
7,368286168e-17
7,329490638e-17
7,280546726e-17
7,232002845999997e-17
7,183771319000001e-17
7,144480188999999e-17
7,09573914e-17
7,047163907000001e-17
7,00953911e-17
6,96191002e-17
6,914636262999999e-17
6,877475974e-17
6,830688122000002e-17
6,785546489e-17
6,749470732e-17
6,704657142999998e-17
6,659830740000001e-17
6,624196943e-17
6,579799422999999e-17
6,534199090999999e-17
6,499953233e-17
6,455806248e-17
6,412164263999999e-17
6,377809537e-17
6,333571657e-17
6,299390618e-17
6,25518535e-17
6,210884955e-17
6,176536681999999e-17
6,132946795999999e-17
6,089984041999997e-17
6,056900602e-17
6,014860971999999e-17
5,982039921e-17
5,939535313e-17
5,906917811e-17
5,864919792999999e-17
5,822395961e-17
5,789280388e-17
5,747933191999999e-17
5,716300997e-17
5,675703501000001e-17
5,643801182e-17
5,601779584e-17
5,563896389e-17
5,527341329000002e-17
5,4908900180000003e-17
5,455621932e-17
5,420650232e-17
5,384449081e-17
5,349416867e-17
5,3143521809999994e-17
5,2788412609999997e-17
5,244472282e-17
5,2103011269999995e-17
5,1765810780000004e-17
5,142247957e-17
5,1077212790000003e-17
5,075045264e-17
5,041839948e-17
5,0089666619999994e-17
4,9761779990000005e-17
4,943498065999999e-17
4,910684805000001e-17
4,878851137000001e-17
4,8475252249999994e-17
4,8155749060000005e-17
4,7832946489999996e-17
4,750842996e-17
4,7191390929999996e-17
4,688769437e-17
4,6586153639999995e-17
4,6284180880000005e-17
4,599517781000001e-17
4,569526529e-17
4,5396959799999997e-17
4,511167991000001e-17
4,481270209999999e-17
4,453468933000001e-17
4,4243070779999995e-17
4,396556057e-17
4,367350583000001e-17
4,339485782e-17
4,3105776069999995e-17
4,2828571620000006e-17
4,255795200999999e-17
4,2273661029999994e-17
4,200636936e-17
4,173572483000001e-17
4,1475591490000006e-17
4,1208568029999996e-17
4,094813024e-17
4,0700995500000004e-17
4,045624916000001e-17
4,0206337209999993e-17
3,995377519000002e-17
3,9704023240000007e-17
3,9454222929999996e-17
3,919795978000001e-17
3,894597217e-17
3,8691915659999996e-17
3,8442997439999996e-17
3,818438923e-17
3,793205015e-17
3,767600927e-17
3,7422371759999997e-17
3,7172175449999995e-17
3,691657968999999e-17
3,6682917080000005e-17
3,643636880000001e-17
3,619435989999999e-17
3,5951860379999994e-17
3,572170380000001e-17
3,547452887e-17
3,522304435e-17
3,499476164000001e-17
3,474746905e-17
3,4516491140000004e-17
3,427380378e-17
3,403982708999999e-17
3,3824018049999996e-17
3,359747378e-17
3,337654359e-17
3,3144500419999996e-17
3,2933953100000015e-17
3,271050081e-17
3,249973172999999e-17
3,2288251179999994e-17
3,2065306e-17
3,18557113e-17
3,1646073689999984e-17
3,142564743e-17
3,121334825e-17
3,1007278560000004e-17
3,079111584e-17
3,0580905120000004e-17
3,0367162350000004e-17
3,014992970999999e-17
2,994127523e-17
2,971063907e-17
2,9501209230000016e-17
2,928918645e-17
2,908326045e-17
2,8872057620000005e-17
2,866022436000001e-17
2,8448784999999996e-17
2,823332425e-17
2,8029113269999995e-17
2,7824809159999995e-17
2,7632008909999996e-17
2,744277986e-17
2,72504409e-17
2,7055235509999993e-17
2,685937587e-17
2,6667734720000002e-17
2,6474287740000004e-17
2,6289102379999998e-17
2,6105005780000004e-17
2,592909497999999e-17
2,5740582690000003e-17
2,5557044150000003e-17
2,537763568e-17
2,5194477526000002e-17
2,5023833406000005e-17
2,4841494152e-17
2,4663906941999996e-17
2,4480813832e-17
2,4316121168e-17
2,4138586728000002e-17
2,3963148648e-17
2,3796963274000003e-17
2,3616818304000002e-17
2,3437312413999994e-17
2,3265696893999994e-17
2,3093260874e-17
2,2927281129999998e-17
2,2756041039999998e-17
2,2582064509999994e-17
2,241634974e-17
2,2242754169999994e-17
2,2079806250000004e-17
2,190872311e-17
2,175409572e-17
2,1587366414000003e-17
2,1423235564e-17
2,1263075963999998e-17
2,10903178e-17
2,0932378014999996e-17
2,0762246764999996e-17
2,0601741249999996e-17
2,0449435610999997e-17
2,0278087396000004e-17
2,0124441477000003e-17
1,9955644843000003e-17
1,9799223117999997e-17
1,9644555745e-17
1,9494184419000004e-17
1,9343512897e-17
1,9196569649e-17
1,9057534708000004e-17
1,8908709793e-17
1,8748503764e-17
1,8597135246e-17
1,8460109022e-17
1,8322188666999998e-17
1,8176496679e-17
1,805141588e-17
1,7917527028e-17
1,7787483443e-17
1,7652291872e-17
1,7523911874e-17
1,7395826948000007e-17
1,7264342342e-17
1,7118707221e-17
1,6979072080000003e-17
1,6846299987999998e-17
1,6706206735999997e-17
1,6572604451e-17
1,6431931486e-17
1,6299928932e-17
1,6159377285999997e-17
1,6015917864999998e-17
1,5866222452e-17
1,5718388563000002e-17
1,557792517e-17
1,5434455614000004e-17
1,5295871717e-17
1,5153367288999997e-17
1,5025110141999998e-17
1,4886433656e-17
1,4758425896999997e-17
1,4635515110000003e-17
1,4511962928000002e-17
1,4386022689e-17
1,4261628148999998e-17
1,4137190323e-17
1,4016127834000002e-17
1,3879890536999997e-17
1,3746567011999999e-17
1,3622833078e-17
1,3492055895000003e-17
1,3378441056000001e-17
1,3258204826999998e-17
1,3141756075999997e-17
1,3019259887000001e-17
1,2885222338000001e-17
1,2770891489000001e-17
1,264928037e-17
1,2533532333999999e-17
1,2428706611e-17
1,2309179405000001e-17
1,2193977695000001e-17
1,2085656475999999e-17
1,1970357201e-17
1,1846598919000001e-17
1,1738318134e-17
1,1617058088e-17
1,1496330122e-17
1,1383607771e-17
1,1254192825e-17
1,1124825958999998e-17
1,1012076543999999e-17
1,0896251371000002e-17
1,0785929324e-17
1,0667002932000001e-17
1,0541242193e-17
1,0440940833e-17
1,0324201837000002e-17
1,0218327646999999e-17
1,0106765378e-17
1,0006912648e-17
9,900281028999998e-18
9,804095821e-18
9,692945285000002e-18
9,584341582000003e-18
9,471468924999999e-18
9,370182834e-18
9,265102354000002e-18
9,161897963999998e-18
9,055639046999999e-18
8,959429255e-18
8,85674922e-18
8,744830123e-18
8,639498640000001e-18
8,53695659e-18
8,443017481999997e-18
8,345420507999999e-18
8,255770767999999e-18
8,165904835000001e-18
8,060102952e-18
7,965744452000002e-18
7,882479683000002e-18
7,791236237000001e-18
7,709727532999999e-18
7,622215053999999e-18
7,522410483999999e-18
7,428512785e-18
7,333480566e-18
7,23182566e-18
7,145559477e-18
7,059109519999999e-18
6,962071371000001e-18
6,877717240999998e-18
6,788831565999998e-18
6,7050875249999995e-18
6,607705257999999e-18
6,5241021689999994e-18
6,435776433e-18
6,347549137000001e-18
6,250683516000001e-18
6,1684882600000006e-18
6,0858557469999995e-18
5,991422528999999e-18
5,893867542000001e-18
5,7992430059999995e-18
5,713032164999999e-18
5,6271593390000005e-18
5,542054067000001e-18
5,450735131000001e-18
5,3513906139999995e-18
5,2623897440000016e-18
5,1750858910000005e-18
5,088323587999999e-18
5,005592835000001e-18
4,9208434850000005e-18
4,816623299e-18
4,728899002e-18
4,646984072999999e-18
4,572699383000001e-18
4,490806134000001e-18
4,416899947e-18
4,337435819999999e-18
4,255383016999998e-18
4,176781751e-18
2,0210399520000006e-18
2,0075076559999997e-18
1,994590335e-18
1,981438835e-18
1,9690894459999996e-18
1,9560700380000006e-18
1,941392387e-18
1,92951238e-18
1,917251439000001e-18
1,903685942e-18
1,890611592e-18
1,878850354e-18
1,8664472880000003e-18
1,854349453e-18
1,838837713e-18
1,82428138e-18
1,81051087e-18
1,7961823829999995e-18
1,7823711940000004e-18
1,7711838340000005e-18
1,758266614e-18
1,745930372e-18
1,7318836080000002e-18
1,7182765589999997e-18
1,7045940720000002e-18
1,69081881e-18
1,6771497599999998e-18
1,664889597e-18
1,6521778830000002e-18
1,640107023e-18
1,627667598e-18
1,6159070739999998e-18
1,6036594379999998e-18
1,590257608e-18
1,5771429980000002e-18
1,563535035e-18
1,5519113279999997e-18
1,5389770290000001e-18
1,527907229e-18
1,516291529e-18
1,5015708579999997e-18
1,4910313689999997e-18
1,4804009329999998e-18
1,4691370969999997e-18
1,458934336e-18
1,447160671e-18
1,435872891e-18
1,423527118e-18
1,411187891e-18
1,398923361e-18
1,3882131649999996e-18
1,376617119e-18
1,3648840129999998e-18
1,3532662619999998e-18
1,3411075750000002e-18
1,3281658020000002e-18
1,3158697640000002e-18
1,303289954e-18
1,292721027e-18
1,282294547e-18
1,271869667e-18
1,260719314e-18
1,2503160919999999e-18
1,2396243209999999e-18
1,2286038079999999e-18
1,2183584490000002e-18
1,2100880119999998e-18
1,2010254390000001e-18
1,1919781559999999e-18
1,1830003029999996e-18
1,1733946400000002e-18
1,16373377e-18
1,1542490469999999e-18
1,1451160300000003e-18
1,13822834e-18
1,1317313010000001e-18
1,1234598840000002e-18
1,112643275e-18
1,1020761850000003e-18
1,0920789749999999e-18
1,083069497e-18
1,074755079e-18
1,0650196240000001e-18
1,0572195200000001e-18
1,0485969719999999e-18
1,0398571120000001e-18
1,0311447520000002e-18
1,0230812970000002e-18
1,0131911930000001e-18
1,0063702870000002e-18
1,000390163e-18
9,94327987e-19
9,864480279999999e-19
9,77507026e-19
9,69747334e-19
9,61887281e-19
9,526663009999999e-19
9,45045711e-19
9,389894619999998e-19
9,324771999999996e-19
9,230156519999999e-19
9,14703649e-19
9,067877550000002e-19
8,972148219999997e-19
8,88764636e-19
8,81933975e-19
8,74390003e-19
8,67730196e-19
8,616557599999999e-19
8,5447058e-19
8,461030970000001e-19
8,39101217e-19
8,31643143e-19
8,246014380000001e-19
8,179529809999999e-19
8,123423480000001e-19
8,067907e-19
8,012344859999999e-19
7,96963502e-19
7,901117269999999e-19
7,842443759999999e-19
7,788621190000001e-19
7,72733973e-19
7,6958916399999995e-19
7,65917027e-19
7,61462038e-19
7,551287590000002e-19
7,486034539999998e-19
7,42348108e-19
7,357748640000001e-19
7,299338089999999e-19
7,24085514e-19
7,179591869999998e-19
7,15686289e-19
7,102292789999999e-19
7,046104989999998e-19
6,991059939999999e-19
6,92385259e-19
6,88130886e-19
6,84074713e-19
6,811837530000001e-19
6,77184647e-19
6,73800901e-19
6,684662900000001e-19
6,626448360000002e-19
6,578065260000001e-19
6,54500958e-19
6,495845060000001e-19
6,466950280000001e-19
6,433202649999999e-19
6,41385451e-19
6,365370770000001e-19
6,32837553e-19
6,29594843e-19
6,2630632e-19
6,236601870000002e-19
6,21529774e-19
6,15644502e-19
6,131114690000001e-19
6,103090719999999e-19
6,054165590000001e-19
6,018001259999999e-19
5,973042230000001e-19
5,93158121e-19
5,895122180000001e-19
5,861003049999998e-19
5,81180992e-19
5,77325809e-19
5,743261399999999e-19
5,73192492e-19
5,699872130000001e-19
5,66258764e-19
5,6023281499999995e-19
5,55205346e-19
5,50968807e-19
5,461922179999998e-19
5,438903789999999e-19
5,407937800000002e-19
5,3814045e-19
5,3303058e-19
5,287724299999999e-19
5,2142695e-19
5,1540397e-19
5,0916860000000005e-19
5,042288399999999e-19
4,978333600000001e-19
4,9258069e-19
4,8738161e-19
4,8263844e-19
4,7811104e-19
4,727068399999999e-19
4,6718045e-19
4,623223500000001e-19
4,580377400000001e-19
4,5190392e-19
4,445564099999999e-19
4,3751059e-19
4,3125258e-19
4,245028600000001e-19
4,1822645e-19
4,114866299999999e-19
4,0477662000000006e-19
3,977692e-19
3,9347248999999993e-19
3,8850547e-19
3,8157446000000005e-19
3,7476865000000003e-19
3,6770933000000005e-19
3,6172921999999994e-19
3,557871999999999e-19
3,5017228999999997e-19
3,4279367e-19
3,3521746000000005e-19
3,2855885000000007e-19
3,2195133000000003e-19
3,1754362e-19
3,1128320999999994e-19
3,0441449000000006e-19
2,9636748000000003e-19
2,8912706999999996e-19
2,8199275e-19
2,7392134e-19
2,6682553e-19
2,592543100000001e-19
2,534016e-19
2,4724818999999996e-19
2,413515699999999e-19
2,3246235999999997e-19
2,2497805e-19
2,1843704000000005e-19
2,1110312e-19
2,0546491000000003e-19
2,0007789999999997e-19
1,9553658999999998e-19
1,8978636999999998e-19
1,8228776e-19
1,7388205000000003e-19
1,6715333999999999e-19
1,5999522e-19
1,5535521000000004e-19
1,499003e-19
1,4501269000000004e-19
1,4002128000000003e-19
1,3526206999999999e-19
1,2763325e-19
1,2098054e-19
1,1329753e-19
1,0699971999999999e-19
1,0043450999999999e-19
9,774200000000001e-20
9,405658000000001e-20
8,975106999999999e-20
8,470466e-20
7,907214999999999e-20
7,460903999999999e-20
6,696362999999999e-20
6,174782e-20
5,790461e-20
5,28068e-20
5,14771e-20
4,7067600000000004e-20
3,97834e-20
3,3122800000000003e-20
2,7762e-20
2,22936e-20
1,88644e-20
1,3786e-20
8,599e-21
4,1800000000000005e-21
