2,58E-08;0,000202
1,05E-08;0,00305
1,01E-08;0,00961
0,00000002;0,01781
8,29E-09;0,02567
1,01E-08;0,03216
5,9E-09;0,03697
7,69E-09;0,04015
-1,25E-09;0,04194
3,91E-09;0,04261
1,39E-08;0,04241
5,9E-09;0,04157
5,9E-09;0,04027
-8,57E-10;0,03867
-3,64E-09;0,03687
3,52E-09;0,03497
3,52E-09;0,03302
4,31E-09;0,03108
4,91E-09;0,02917
5,3E-09;0,02732
9,68E-09;0,02555
-8,01E-09;0,02386
-1,36E-08;0,02226
-4,04E-09;0,02075
2,12E-09;0,01934
9,68E-09;0,01801
1,11E-08;0,01678
8,29E-09;0,01562
-1,42E-08;0,01455
-1,26E-08;0,01355
-9,8E-09;0,01262
-5,03E-09;0,01176
-7,02E-09;0,01096
-9,8E-09;0,01022
-1,36E-08;0,00953
-3,24E-09;0,00889
-8,57E-10;0,0083
-7,02E-09;0,00775
-1,32E-08;0,00724
-4,63E-09;0,00677
5,34E-10;0,00633
-2,61E-10;0,00592
2,92E-09;0,00554
-2,65E-09;0,00518
-4,04E-09;0,00486
-3,64E-09;0,00455
-0,000000015;0,00427
-2,65E-09;0,004
-7,42E-09;0,00376
-1,85E-09;0,00353
-1,25E-09;0,00331
-8,01E-09;0,00311
-2,73E-08;0,00293
-2,55E-08;0,00275
0;0,00259
-0,00058;0,00244
-0,000578;0,0023
-0,000576;0,00216
-0,000574;0,00204
-0,000572;0,00192
-0,00057;0,00182
-0,000568;0,00171
-0,000566;0,00162
-0,000564;0,00153
-0,000562;0,00144
-0,00056;0,00137
-0,000558;0,00129
-0,000556;0,00122
-0,000554;0,00116
-0,000552;0,0011
-0,00055;0,00104
-0,000548;0,000983
-0,000536;0,000932
-0,000517;0,000884
-0,000506;0,000838
-0,000497;0,000795
-0,000491;0,000755
-0,000485;0,000717
-0,000481;0,000681
-0,00048;0,000647
-0,000474;0,000615
-0,000472;0,000585
-0,000469;0,000556
-0,000467;0,000529
-0,000465;0,000504
-0,000463;0,00048
-0,000461;0,000457
-0,00046;0,000435
-0,000458;0,000415
-0,000457;0,000395
-0,000456;0,000377
-0,000455;0,000359
-0,000453;0,000343
-0,000452;0,000327
-0,000451;0,000312
-0,00045;0,000298
-0,00045;0,000285
-0,000449;0,000272
-0,000448;0,00026
-0,000447;0,000248
-0,000446;0,000237
-0,000446;0,000227
-0,000445;0,000217
-0,000444;0,000208
-0,000444;0,000199
-0,000443;0,00019
-0,000443;0,000182
-0,000442;0,000174
-0,000442;0,000167
-0,000441;0,00016
-0,000441;0,000153
-0,000441;0,000147
-0,00044;0,000141
-0,00044;0,000135
-0,000439;0,00013
-0,000439;0,000124
-0,000438;0,000119
-0,000438;0,000114
-0,000437;0,00011
-0,000437;0,000105
-0,000437;0,000101
-0,000436;0,0000973
-0,000436;0,0000935
-0,000436;0,0000898
-0,000436;0,0000863
-0,000436;0,000083
-0,000435;0,0000798
-0,000435;0,0000767
-0,000435;0,0000738
-0,000435;0,000071
-0,000434;0,0000683
-0,000434;0,0000657
-0,000434;0,0000632
-0,000433;0,0000609
-0,000433;0,0000586
-0,000433;0,0000564
-0,000432;0,0000543
-0,000432;0,0000523
-0,000432;0,0000504
-0,000432;0,0000486
-0,000432;0,0000468
-0,000431;0,0000451
-0,000431;0,0000435
-0,000431;0,000042
-0,000431;0,0000405
-0,000431;0,000039
-0,000431;0,0000377
-0,000431;0,0000363
-0,000431;0,0000351
-0,000431;0,0000338
-0,00043;0,0000327
-0,00043;0,0000315
-0,00043;0,0000304
-0,00043;0,0000294
-0,00043;0,0000284
-0,00043;0,0000274
-0,00043;0,0000265
-0,000429;0,0000256
-0,000429;0,0000247
-0,000429;0,0000239
-0,000429;0,0000231
-0,000429;0,0000223
-0,000429;0,0000216
-0,000429;0,0000209
-0,000428;0,0000202
-0,000428;0,0000195
-0,000428;0,0000189
-0,000428;0,0000183
-0,000428;0,0000177
-0,000428;0,0000171
-0,000427;0,0000166
-0,000427;0,000016
-0,000427;0,0000155
-0,000427;0,000015
-0,000427;0,0000146
-0,000427;0,0000141
-0,000427;0,0000137
-0,000426;0,0000132
-0,000426;0,0000128
-0,000426;0,0000124
-0,000426;0,000012
-0,000426;0,0000117
-0,000426;0,0000113
-0,000425;0,000011
-0,000425;0,0000106
-0,000425;0,0000103
-0,000425;0,00000999
-0,000425;0,00000968
-0,000425;0,00000939
-0,000425;0,00000911
-0,000425;0,00000884
-0,000424;0,00000857
-0,000424;0,00000832
-0,000424;0,00000807
-0,000424;0,00000783
-0,000424;0,0000076
-0,000424;0,00000738
-0,000423;0,00000716
-0,000423;0,00000695
-0,000423;0,00000675
-0,000423;0,00000656
-0,000423;0,00000637
-0,000423;0,00000618
-0,000423;0,00000601
-0,000423;0,00000584
-0,000422;0,00000567
-0,000422;0,00000551
-0,000422;0,00000535
-0,000422;0,0000052
-0,000422;0,00000506
-0,000421;0,00000491
-0,000421;0,00000478
-0,000421;0,00000464
-0,000421;0,00000451
-0,00042;0,00000439
-0,00042;0,00000427
-0,00042;0,00000415
-0,00042;0,00000404
-0,00042;0,00000393
-0,00042;0,00000382
-0,000419;0,00000371
-0,000419;0,00000361
-0,000419;0,00000352
-0,000419;0,00000342
-0,000419;0,00000333
-0,000419;0,00000324
-0,000419;0,00000315
-0,000418;0,00000307
-0,000418;0,00000299
-0,000418;0,00000291
-0,000418;0,00000283
-0,000417;0,00000276
-0,000417;0,00000269
-0,000417;0,00000262
-0,000417;0,00000255
-0,000417;0,00000248
-0,000417;0,00000242
-0,000417;0,00000235
-0,000417;0,00000229
-0,000416;0,00000223
-0,000416;0,00000218
-0,000416;0,00000212
-0,000416;0,00000207
-0,000416;0,00000201
-0,000416;0,00000196
-0,000416;0,00000191
-0,000416;0,00000187
-0,000416;0,00000182
-0,000416;0,00000177
-0,000416;0,00000173
-0,000415;0,00000169
-0,000415;0,00000164
-0,000415;0,0000016
-0,000415;0,00000156
-0,000415;0,00000152
-0,000415;0,00000149
-0,000415;0,00000145
-0,000414;0,00000141
-0,000414;0,00000138
-0,000414;0,00000135
-0,000414;0,00000131
-0,000414;0,00000128
-0,000414;0,00000125
-0,000414;0,00000122
-0,000414;0,00000119
-0,000414;0,00000116
-0,000414;0,00000113
-0,000414;0,00000111
-0,000414;0,00000108
-0,000414;0,00000106
-0,000414;0,00000103
-0,000414;0,00000101
-0,000414;0,000000983
-0,000414;0,00000096
-0,000414;0,000000937
-0,000414;0,000000915
-0,000414;0,000000894
-0,000414;0,000000873
-0,000414;0,000000853
-0,000414;0,000000833
-0,000413;0,000000814
-0,000413;0,000000795
-0,000413;0,000000777
-0,000413;0,000000759
-0,000413;0,000000742
-0,000413;0,000000725
-0,000413;0,000000708
-0,000413;0,000000692
-0,000412;0,000000676
-0,000412;0,000000661
-0,000412;0,000000646
-0,000412;0,000000632
-0,000412;0,000000617
-0,000412;0,000000604
-0,000412;0,00000059
-0,000412;0,000000577
-0,000412;0,000000564
-0,000412;0,000000552
-0,000412;0,000000539
-0,000412;0,000000528
-0,000412;0,000000516
-0,000412;0,000000505
-0,000412;0,000000494
-0,000411;0,000000483
-0,000411;0,000000472
-0,000411;0,000000462
-0,000411;0,000000452
-0,000411;0,000000442
-0,000411;0,000000433
-0,000411;0,000000423
-0,000411;0,000000414
-0,00041;0,000000405
-0,00041;0,000000396
-0,00041;0,000000388
-0,00041;0,00000038
-0,00041;0,000000372
-0,00041;0,000000364
-0,000409;0,000000356
-0,000409;0,000000349
-0,000409;0,000000341
-0,000409;0,000000334
-0,000409;0,000000327
-0,000409;0,00000032
-0,000409;0,000000313
-0,000409;0,000000307
-0,000409;0,0000003
-0,000409;0,000000294
-0,000409;0,000000288
-0,000408;0,000000282
-0,000408;0,000000276
-0,000408;0,000000271
-0,000408;0,000000265
-0,000408;0,00000026
-0,000408;0,000000254
-0,000409;0,000000249
-0,000409;0,000000244
-0,000409;0,000000239
-0,000409;0,000000234
-0,000409;0,000000229
-0,000409;0,000000225
-0,000409;0,00000022
-0,000409;0,000000216
-0,000408;0,000000212
-0,000408;0,000000207
-0,000408;0,000000203
-0,000408;0,000000199
-0,000408;0,000000195
-0,000408;0,000000191
-0,000408;0,000000187
-0,000408;0,000000184
-0,000408;0,00000018
-0,000408;0,000000177
-0,000408;0,000000173
-0,000407;0,00000017
-0,000407;0,000000166
-0,000407;0,000000163
-0,000407;0,00000016
-0,000407;0,000000157
-0,000407;0,000000154
-0,000407;0,000000151
-0,000407;0,000000148
-0,000407;0,000000145
-0,000407;0,000000142
-0,000407;0,000000139
-0,000407;0,000000137
-0,000407;0,000000134
-0,000407;0,000000132
-0,000407;0,000000129
-0,000407;0,000000127
-0,000407;0,000000124
-0,000407;0,000000122
-0,000407;0,00000012
-0,000407;0,000000117
-0,000407;0,000000115
-0,000407;0,000000113
-0,000407;0,000000111
-0,000407;0,000000109
-0,000407;0,000000107
-0,000407;0,000000105
-0,000407;0,000000103
-0,000407;0,000000101
-0,000407;9,89E-08
-0,000407;9,71E-08
-0,000407;9,53E-08
-0,000407;9,35E-08
-0,000407;9,18E-08
-0,000407;9,01E-08
-0,000406;8,84E-08
-0,000406;8,68E-08
-0,000406;8,52E-08
-0,000406;8,36E-08
-0,000406;8,21E-08
-0,000406;8,06E-08
-0,000405;7,91E-08
-0,000405;7,77E-08
-0,000405;7,63E-08
-0,000405;7,49E-08
-0,000405;7,36E-08
-0,000405;7,22E-08
-0,000405;7,09E-08
-0,000405;6,97E-08
-0,000405;6,84E-08
-0,000404;6,72E-08
-0,000404;0,000000066
-0,000404;6,48E-08
-0,000404;6,37E-08
-0,000404;6,25E-08
-0,000404;6,14E-08
-0,000404;6,03E-08
-0,000404;5,93E-08
-0,000404;5,82E-08
-0,000404;5,72E-08
-0,000405;5,62E-08
-0,000405;5,52E-08
-0,000405;5,42E-08
-0,000404;5,33E-08
-0,000404;5,24E-08
-0,000405;5,14E-08
-0,000405;5,05E-08
-0,000404;4,97E-08
-0,000404;4,88E-08
-0,000404;0,000000048
-0,000404;4,71E-08
-0,000404;4,63E-08
-0,000404;4,55E-08
-0,000404;4,47E-08
-0,000404;0,000000044
-0,000404;4,32E-08
-0,000405;4,25E-08
-0,000404;4,18E-08
-0,000404;0,000000041
-0,000404;4,03E-08
-0,000404;3,97E-08
-0,000404;0,000000039
-0,000404;3,83E-08
-0,000404;3,77E-08
-0,000404;0,000000037
-0,000404;3,64E-08
-0,000404;3,58E-08
-0,000404;3,52E-08
-0,000404;3,46E-08
-0,000404;0,000000034
-0,000405;3,35E-08
-0,000405;3,29E-08
-0,000405;3,24E-08
-0,000405;3,18E-08
-0,000404;3,13E-08
-0,000404;3,08E-08
-0,000404;3,03E-08
-0,000404;2,98E-08
-0,000404;2,93E-08
-0,000404;2,88E-08
-0,000405;2,83E-08
-0,000404;2,78E-08
-0,000404;2,74E-08
-0,000404;2,69E-08
-0,000404;2,65E-08
-0,000404;2,61E-08
-0,000404;2,56E-08
-0,000404;2,52E-08
-0,000405;2,48E-08
-0,000404;2,44E-08
-0,000403;0,000000024
-0,000403;2,36E-08
-0,000403;2,33E-08
-0,000403;2,29E-08
-0,000403;2,25E-08
-0,000404;2,21E-08
-0,000405;2,18E-08
-0,000405;2,14E-08
-0,000405;2,11E-08
-0,000405;2,08E-08
-0,000405;2,04E-08
-0,000405;2,01E-08
-0,000405;1,98E-08
-0,000405;1,95E-08
-0,000405;1,92E-08
-0,000405;1,89E-08
-0,000405;1,86E-08
-0,000405;1,83E-08
-0,000405;0,000000018
-0,000405;1,77E-08
-0,000405;1,74E-08
-0,000405;1,72E-08
-0,000405;1,69E-08
-0,000405;1,66E-08
-0,000405;1,64E-08
-0,000405;1,61E-08
-0,000405;1,59E-08
-0,000405;1,56E-08
-0,000405;1,54E-08
-0,000405;1,51E-08
-0,000405;1,49E-08
-0,000405;1,47E-08
-0,000405;1,44E-08
-0,000405;1,42E-08
-0,000405;0,000000014
-0,000405;1,38E-08
-0,000405;1,36E-08
-0,000405;1,34E-08
-0,000405;1,32E-08
-0,000405;0,000000013
-0,000405;1,28E-08
-0,000405;1,26E-08
-0,000406;1,24E-08
-0,000407;1,22E-08
-0,000407;0,000000012
-0,000407;1,18E-08
-0,000406;1,16E-08
-0,000406;1,15E-08
-0,000406;1,13E-08
-0,000406;1,11E-08
-0,000406;0,000000011
-0,000406;1,08E-08
-0,000406;1,06E-08
-0,000406;1,05E-08
-0,000406;1,03E-08
-0,000406;1,02E-08
-0,000406;0,00000001
-0,000406;9,87E-09
-0,000406;9,72E-09
-0,000406;9,58E-09
-0,000406;9,44E-09
-0,000406;9,3E-09
-0,000406;9,16E-09
-0,000406;9,02E-09
-0,000406;8,89E-09
-0,000406;8,76E-09
-0,000406;8,63E-09
-0,000406;8,51E-09
-0,000406;8,38E-09
-0,000406;8,26E-09
-0,000406;8,14E-09
-0,000406;8,02E-09
-0,000406;7,9E-09
-0,000406;7,79E-09
-0,000406;7,67E-09
-0,000406;7,56E-09
-0,000406;7,45E-09
-0,000406;7,35E-09
-0,000406;7,24E-09
-0,000406;7,14E-09
-0,000406;7,03E-09
-0,000405;6,93E-09
-0,000405;6,83E-09
-0,000405;6,74E-09
-0,000405;6,64E-09
-0,000405;6,54E-09
-0,000405;6,45E-09
-0,000405;6,36E-09
-0,000407;6,27E-09
-0,000408;6,18E-09
-0,000408;6,09E-09
-0,000407;0,000000006
-0,000407;5,92E-09
-0,000407;5,84E-09
-0,000407;5,75E-09
-0,000407;5,67E-09
-0,000406;5,59E-09
-0,000406;5,51E-09
-0,000406;5,44E-09
-0,000406;5,36E-09
-0,000406;5,29E-09
-0,000406;5,21E-09
-0,000407;5,14E-09
-0,000407;5,07E-09
-0,000406;0,000000005
-0,000406;4,93E-09
-0,000407;4,86E-09
-0,000407;4,79E-09
-0,000407;4,72E-09
-0,000407;4,66E-09
-0,000408;4,59E-09
-0,000408;4,53E-09
-0,000408;4,47E-09
-0,000408;4,41E-09
-0,000408;4,35E-09
-0,000408;4,29E-09
-0,000408;4,23E-09
-0,000408;4,17E-09
-0,000408;4,11E-09
-0,000408;4,06E-09
-0,000408;0,000000004
-0,000408;3,95E-09
-0,000408;3,89E-09
-0,000408;3,84E-09
-0,000408;3,79E-09
-0,000408;3,74E-09
-0,000408;3,69E-09
-0,000408;3,64E-09
-0,000408;3,59E-09
-0,000408;3,54E-09
-0,000408;3,49E-09
-0,000408;3,44E-09
-0,000408;3,4E-09
-0,000408;3,35E-09
-0,000407;3,31E-09
-0,000407;3,26E-09
-0,000407;3,22E-09
-0,000407;3,18E-09
-0,000407;3,13E-09
-0,000407;3,09E-09
-0,000407;3,05E-09
-0,000407;3,01E-09
-0,000407;2,97E-09
-0,000407;2,93E-09
-0,000407;2,89E-09
-0,000407;2,85E-09
-0,000407;2,82E-09
-0,000407;2,78E-09
-0,000407;2,74E-09
-0,000407;2,71E-09
-0,000408;2,67E-09
-0,000408;2,64E-09
-0,000408;2,6E-09
-0,000408;2,57E-09
-0,000408;2,53E-09
-0,000408;2,5E-09
-0,000408;2,47E-09
-0,000408;2,44E-09
-0,000408;2,4E-09
-0,000408;2,37E-09
-0,000408;2,34E-09
-0,000408;2,31E-09
-0,000408;2,28E-09
-0,000409;2,25E-09
-0,00041;2,22E-09
-0,00041;2,19E-09
-0,000411;2,17E-09
-0,000413;2,14E-09
-0,000414;2,11E-09
-0,000414;2,08E-09
-0,000414;2,06E-09
-0,000414;2,03E-09
-0,000414;0,000000002
-0,000414;1,98E-09
-0,000414;1,95E-09
-0,000415;1,93E-09
-0,000417;1,9E-09
-0,000417;1,88E-09
-0,000416;1,86E-09
-0,000416;1,83E-09
-0,000416;1,81E-09
-0,000416;1,79E-09
-0,000416;1,76E-09
-0,000416;1,74E-09
-0,000416;1,72E-09
-0,000415;1,7E-09
-0,000415;1,68E-09
-0,000415;1,66E-09
-0,000415;1,63E-09
-0,000415;1,61E-09
-0,000416;1,59E-09
-0,000416;1,57E-09
-0,000416;1,55E-09
-0,000416;1,54E-09
-0,000416;1,52E-09
-0,000416;1,5E-09
-0,000416;1,48E-09
-0,000416;1,46E-09
-0,000416;1,44E-09
-0,000416;1,42E-09
-0,000416;1,41E-09
-0,000416;1,39E-09
-0,000416;1,37E-09
-0,000416;1,35E-09
-0,000416;1,34E-09
-0,000416;1,32E-09
-0,000416;1,31E-09
-0,000417;1,29E-09
-0,000416;1,27E-09
-0,000114;1,26E-09
0,00374;1,24E-09
0,00369;1,23E-09
0,00372;1,21E-09
0,00377;1,2E-09
0,00384;1,18E-09
0,00392;1,17E-09
0,004;1,15E-09
0,00408;1,14E-09
0,00416;1,13E-09
0,00424;1,11E-09
0,00431;1,1E-09
0,00438;1,09E-09
0,00445;1,07E-09
0,00451;1,06E-09
0,00457;1,05E-09
0,00463;1,03E-09
0,00469;1,02E-09
0,00474;1,01E-09
0,00479;9,98E-10
0,00484;9,86E-10
0,00489;9,74E-10
0,00493;9,62E-10
0,00497;9,51E-10
0,00501;9,39E-10
0,00501;9,28E-10
0,00501;9,17E-10
0,00501;9,06E-10
0,00501;8,95E-10
0,00501;8,85E-10
0,00501;8,74E-10
0,00501;8,64E-10
0,00515;8,54E-10
0,00533;8,44E-10
0,00535;8,34E-10
0,00538;8,24E-10
0,0054;8,14E-10
0,00542;8,05E-10
0,00544;7,95E-10
0,00546;7,86E-10
0,00548;7,77E-10
0,00549;7,67E-10
0,00551;7,58E-10
0,00553;7,5E-10
0,00555;7,41E-10
0,00556;7,32E-10
0,00558;7,24E-10
0,0056;7,15E-10
0,00561;7,07E-10
0,00563;6,99E-10
0,00564;6,91E-10
0,00565;6,83E-10
0,00566;6,75E-10
0,00568;6,67E-10
0,00569;6,59E-10
0,0057;6,51E-10
0,00571;6,44E-10
0,00572;6,37E-10
0,00572;6,29E-10
0,00573;6,22E-10
0,00574;6,15E-10
0,00574;6,08E-10
0,00574;6,01E-10
0,00575;5,94E-10
0,00575;5,87E-10
0,00575;5,8E-10
0,00575;5,74E-10
0,00575;5,67E-10
0,00575;5,61E-10
0,00575;5,54E-10
0,00575;5,48E-10
0,00575;5,42E-10
0,00575;5,36E-10
0,00574;5,3E-10
0,00574;5,24E-10
0,00575;5,18E-10
0,00575;5,12E-10
0,00575;5,06E-10
0,00575;5E-10
0,00575;4,95E-10
0,00575;4,89E-10
0,00575;4,84E-10
0,00575;4,78E-10
0,00575;4,73E-10
0,00575;4,68E-10
0,00575;4,62E-10
0,00576;4,57E-10
0,00576;4,52E-10
0,00576;4,47E-10
0,00576;4,42E-10
0,00575;4,37E-10
0,00575;4,32E-10
0,00575;4,27E-10
0,00575;4,23E-10
0,00575;4,18E-10
0,00574;4,13E-10
0,00574;4,09E-10
0,00574;4,04E-10
0,00573;4E-10
0,00573;3,95E-10
0,00572;3,91E-10
0,00572;3,87E-10
0,00571;3,82E-10
0,00571;3,78E-10
0,0057;3,74E-10
0,0057;3,7E-10
0,00569;3,66E-10
0,00569;3,62E-10
0,00568;3,58E-10
0,00568;3,54E-10
0,00567;3,5E-10
0,00566;3,46E-10
0,00566;3,43E-10
0,00565;3,39E-10
0,00564;3,35E-10
0,00564;3,31E-10
0,00563;3,28E-10
0,00563;3,24E-10
0,00562;3,21E-10
0,00561;3,17E-10
0,00561;3,14E-10
0,0056;3,11E-10
0,00559;3,07E-10
0,00559;3,04E-10
0,00558;3,01E-10
0,00557;2,97E-10
0,00556;2,94E-10
0,00556;2,91E-10
0,00555;2,88E-10
0,00554;2,85E-10
0,00553;2,82E-10
0,00552;2,79E-10
0,00551;2,76E-10
0,00551;2,73E-10
0,0055;2,7E-10
0,0055;2,67E-10
0,00549;2,64E-10
0,00548;2,61E-10
0,00548;2,59E-10
0,00547;2,56E-10
0,00547;2,53E-10
0,00546;2,5E-10
0,00546;2,48E-10
0,00545;2,45E-10
0,00545;2,43E-10
0,00544;2,4E-10
0,00544;2,37E-10
0,00543;2,35E-10
0,00543;2,32E-10
0,00542;2,3E-10
0,00541;2,28E-10
0,00541;2,25E-10
0,0054;2,23E-10
0,00539;2,2E-10
0,00539;2,18E-10
0,00538;2,16E-10
0,00537;2,14E-10
0,00536;2,11E-10
0,00536;2,09E-10
0,00535;2,07E-10
0,00534;2,05E-10
0,00533;2,03E-10
0,00532;2,01E-10
0,00532;1,99E-10
0,00531;1,96E-10
0,0053;1,94E-10
0,00529;1,92E-10
0,00528;1,9E-10
0,00528;1,88E-10
0,00527;1,87E-10
0,00526;1,85E-10
0,00525;1,83E-10
0,00525;1,81E-10
0,00524;1,79E-10
0,00523;1,77E-10
0,00522;1,75E-10
0,00522;1,73E-10
0,00521;1,72E-10
0,0052;1,7E-10
0,0052;1,68E-10
0,00519;1,66E-10
0,00518;1,65E-10
0,00518;1,63E-10
0,00517;1,61E-10
0,00517;1,6E-10
0,00516;1,58E-10
0,00516;1,57E-10
0,00515;1,55E-10
0,00515;1,53E-10
0,00514;1,52E-10
0,00514;1,5E-10
0,00513;1,49E-10
0,00513;1,47E-10
0,00513;1,46E-10
0,00512;1,44E-10
0,00512;1,43E-10
0,00511;1,41E-10
0,00511;1,4E-10
0,0051;1,39E-10
0,0051;1,37E-10
0,0051;1,36E-10
0,00509;1,34E-10
0,00509;1,33E-10
0,00509;1,32E-10
0,00508;1,3E-10
0,00508;1,29E-10
0,00508;1,28E-10
0,00507;1,27E-10
0,00507;1,25E-10
0,00507;1,24E-10
0,00506;1,23E-10
0,00506;1,22E-10
0,00506;1,2E-10
0,00505;1,19E-10
0,00505;1,18E-10
0,00504;1,17E-10
0,00504;1,16E-10
0,00504;1,15E-10
0,00503;1,13E-10
0,00503;1,12E-10
0,00503;1,11E-10
0,00502;1,1E-10
0,00502;1,09E-10
0,00502;1,08E-10
0,00502;1,07E-10
0,00501;1,06E-10
0,00501;1,05E-10
0,00501;1,04E-10
0,00501;1,03E-10
0,005;1,02E-10
0,005;1,01E-10
0,005;9,97E-11
0,005;9,88E-11
0,00499;9,78E-11
0,00499;9,68E-11
0,00499;9,59E-11
0,00499;9,5E-11
0,00498;9,4E-11
0,00498;9,31E-11
0,00498;9,22E-11
0,00498;9,13E-11
0,00498;9,04E-11
0,00498;8,96E-11
0,00497;8,87E-11
0,00497;8,78E-11
0,00497;8,7E-11
0,00497;8,62E-11
0,00497;8,53E-11
0,00497;8,45E-11
0,00496;8,37E-11
0,00496;8,29E-11
0,00496;8,21E-11
0,00496;8,13E-11
0,00495;8,05E-11
0,00495;7,97E-11
0,00495;7,9E-11
0,00495;7,82E-11
0,00495;7,75E-11
0,00495;7,67E-11
0,00494;7,6E-11
0,00494;7,53E-11
0,00494;7,46E-11
0,00494;7,38E-11
0,00494;7,31E-11
0,00494;7,24E-11
0,00493;7,18E-11
0,00493;7,11E-11
0,00493;7,04E-11
0,00493;6,97E-11
0,00493;6,91E-11
0,00493;6,84E-11
0,00492;6,78E-11
0,00492;6,71E-11
0,00492;6,65E-11
0,00492;6,59E-11
0,00492;6,53E-11
0,00492;6,46E-11
0,00492;6,4E-11
0,00492;6,34E-11
0,00492;6,28E-11
0,00492;6,22E-11
0,00492;6,17E-11
0,00492;6,11E-11
0,00492;6,05E-11
0,00492;5,99E-11
0,00492;5,94E-11
0,00491;5,88E-11
0,00491;5,83E-11
0,00491;5,77E-11
0,00491;5,72E-11
0,00491;5,67E-11
0,00491;5,61E-11
0,00491;5,56E-11
0,00491;5,51E-11
0,00491;5,46E-11
0,00491;5,41E-11
0,00491;5,36E-11
0,00491;5,31E-11
0,00491;5,26E-11
0,00491;5,21E-11
0,0049;5,16E-11
0,0049;5,11E-11
0,0049;5,07E-11
0,0049;5,02E-11
0,0049;4,97E-11
0,0049;4,93E-11
0,0049;4,88E-11
0,0049;4,84E-11
0,0049;4,79E-11
0,0049;4,75E-11
0,0049;4,71E-11
0,0049;4,66E-11
0,0049;4,62E-11
0,0049;4,58E-11
0,00489;4,54E-11
0,00489;4,5E-11
0,00489;4,45E-11
0,00489;4,41E-11
0,00489;4,37E-11
0,00489;4,33E-11
0,00489;4,29E-11
0,00489;4,26E-11
0,00489;4,22E-11
0,00489;4,18E-11
0,00489;4,14E-11
0,00489;4,1E-11
0,00489;4,07E-11
0,00489;4,03E-11
0,00489;3,99E-11
0,00489;3,96E-11
0,00489;3,92E-11
0,00489;3,89E-11
0,00489;3,85E-11
0,00489;3,82E-11
0,00488;3,78E-11
0,00488;3,75E-11
0,00488;3,71E-11
0,00488;3,68E-11
0,00488;3,65E-11
0,00488;3,62E-11
0,00488;3,58E-11
0,00488;3,55E-11
0,00488;3,52E-11
0,00488;3,49E-11
0,00488;3,46E-11
0,00488;3,43E-11
0,00488;3,4E-11
0,00488;3,36E-11
0,00488;3,33E-11
0,00488;3,31E-11
0,00488;3,28E-11
0,00488;3,25E-11
0,00488;3,22E-11
0,00488;3,19E-11
0,00488;3,16E-11
0,00488;3,13E-11
0,00488;3,11E-11
0,00488;3,08E-11
0,00488;3,05E-11
0,00488;3,02E-11
0,00488;3E-11
0,00488;2,97E-11
0,00488;2,94E-11
0,00488;2,92E-11
0,00488;2,89E-11
0,00488;2,87E-11
0,00488;2,84E-11
0,00488;2,82E-11
0,00488;2,79E-11
0,00488;2,77E-11
0,00488;2,74E-11
0,00488;2,72E-11
0,00488;2,7E-11
0,00488;2,67E-11
0,00488;2,65E-11
0,00487;2,63E-11
0,00487;2,6E-11
0,00487;2,58E-11
0,00487;2,56E-11
0,00487;2,54E-11
0,00487;2,51E-11
0,00487;2,49E-11
0,00487;2,47E-11
0,00487;2,45E-11
0,00487;2,43E-11
0,00487;2,41E-11
0,00487;2,39E-11
0,00487;2,37E-11
0,00487;2,35E-11
0,00487;2,33E-11
0,00487;2,31E-11
0,00487;2,29E-11
0,00487;2,27E-11
0,00487;2,25E-11
0,00488;2,23E-11
0,00488;2,21E-11
0,00489;2,19E-11
0,00489;2,17E-11
0,00489;2,15E-11
0,00489;2,13E-11
0,00489;2,11E-11
0,00489;2,1E-11
0,00489;2,08E-11
0,00488;2,06E-11
0,00488;2,04E-11
0,00488;2,03E-11
0,00488;2,01E-11
0,00488;1,99E-11
0,00488;1,97E-11
0,00488;1,96E-11
0,00488;1,94E-11
0,00488;1,92E-11
0,00488;1,91E-11
0,00488;1,89E-11
0,00488;1,88E-11
0,00488;1,86E-11
0,00488;1,84E-11
0,00487;1,83E-11
0,00487;1,81E-11
0,00487;1,8E-11
0,00487;1,78E-11
0,00487;1,77E-11
0,00487;1,75E-11
0,00487;1,74E-11
0,00487;1,72E-11
0,00487;1,71E-11
0,00487;1,69E-11
0,00487;1,68E-11
0,00487;1,67E-11
0,00487;1,65E-11
0,00487;1,64E-11
0,00487;1,63E-11
0,00487;1,61E-11
0,00487;1,6E-11
0,00487;1,58E-11
0,00487;1,57E-11
0,00487;1,56E-11
0,00487;1,55E-11
0,00487;1,53E-11
0,00487;1,52E-11
0,00487;1,51E-11
0,00487;1,49E-11
0,00487;1,48E-11
0,00487;1,47E-11
0,00487;1,46E-11
0,00487;1,45E-11
0,00488;1,43E-11
0,00488;1,42E-11
0,00487;1,41E-11
0,00487;1,4E-11
0,00487;1,39E-11
0,00487;1,38E-11
0,00488;1,36E-11
0,00487;1,35E-11
0,00487;1,34E-11
0,00487;1,33E-11
0,00487;1,32E-11
0,00487;1,31E-11
0,00487;1,3E-11
0,00487;1,29E-11
0,00488;1,28E-11
0,00488;1,27E-11
0,00488;1,26E-11
0,00488;1,25E-11
0,00487;1,24E-11
0,00488;1,23E-11
0,00488;1,22E-11
0,00488;1,21E-11
0,00488;1,2E-11
0,00488;1,19E-11
0,00488;1,18E-11
0,00488;1,17E-11
0,00488;1,16E-11
0,00488;1,15E-11
0,00488;1,14E-11
0,00488;1,13E-11
0,00488;1,12E-11
0,00488;1,11E-11
0,00488;1,1E-11
0,00488;1,09E-11
0,00488;1,08E-11
0,00488;1,08E-11
0,00488;1,07E-11
0,00488;1,06E-11
0,00488;1,05E-11
0,00488;1,04E-11
0,00488;1,03E-11
0,00488;1,02E-11
0,00488;1,02E-11
0,00488;1,01E-11
0,00488;1E-11
0,00488;9,92E-12
0,00488;9,84E-12
0,00488;9,76E-12
0,00488;9,68E-12
0,00488;9,6E-12
0,00488;9,53E-12
0,00488;9,45E-12
0,00488;9,38E-12
0,00488;9,3E-12
0,00488;9,23E-12
0,00488;9,15E-12
0,00488;9,08E-12
0,00488;9,01E-12
0,00488;8,94E-12
0,00488;8,87E-12
0,00489;8,79E-12
0,00489;8,73E-12
0,00489;8,66E-12
0,00489;8,59E-12
0,00489;8,52E-12
0,00489;8,45E-12
0,00489;8,38E-12
0,00489;8,32E-12
0,00489;8,25E-12
0,00489;8,19E-12
0,00489;8,12E-12
0,00489;8,06E-12
0,00489;8E-12
0,00489;7,93E-12
0,00489;7,87E-12
0,00489;7,81E-12
0,00489;7,75E-12
0,00489;7,69E-12
0,00489;7,63E-12
0,00489;7,57E-12
0,00489;7,51E-12
0,00489;7,45E-12
0,00489;7,39E-12
0,00489;7,33E-12
0,00489;7,27E-12
0,00489;7,22E-12
0,00489;7,16E-12
0,00489;7,1E-12
0,00489;7,05E-12
0,00489;6,99E-12
0,00489;6,94E-12
0,00489;6,89E-12
0,00489;6,83E-12
0,0049;6,78E-12
0,0049;6,73E-12
0,0049;6,67E-12
0,0049;6,62E-12
0,0049;6,57E-12
0,0049;6,52E-12
0,0049;6,47E-12
0,0049;6,42E-12
0,0049;6,37E-12
0,0049;6,32E-12
0,0049;6,27E-12
0,0049;6,22E-12
0,0049;6,17E-12
0,0049;6,13E-12
0,0049;6,08E-12
0,0049;6,03E-12
0,0049;5,99E-12
0,0049;5,94E-12
0,0049;5,89E-12
0,0049;5,85E-12
0,0049;5,8E-12
0,0049;5,76E-12
0,0049;5,72E-12
0,0049;5,67E-12
0,0049;5,63E-12
0,0049;5,59E-12
0,0049;5,54E-12
0,0049;5,5E-12
0,0049;5,46E-12
0,0049;5,42E-12
0,0049;5,38E-12
0,0049;5,33E-12
0,00491;5,29E-12
0,00491;5,25E-12
0,00491;5,21E-12
0,00491;5,17E-12
0,00491;5,13E-12
0,00491;5,1E-12
0,00491;5,06E-12
0,00491;5,02E-12
0,00491;4,98E-12
0,00491;4,94E-12
0,00491;4,91E-12
0,00491;4,87E-12
0,00491;4,83E-12
0,00491;4,8E-12
0,00491;4,76E-12
0,00491;4,72E-12
0,00492;4,69E-12
0,00492;4,65E-12
0,00492;4,62E-12
0,00492;4,58E-12
0,00492;4,55E-12
0,00492;4,51E-12
0,00492;4,48E-12
0,00492;4,45E-12
0,00492;4,41E-12
0,00492;4,38E-12
0,00492;4,35E-12
0,00492;4,31E-12
0,00493;4,28E-12
0,00493;4,25E-12
0,00218;4,22E-12
0,00000254;4,19E-12
0,00000245;4,16E-12
0,00000262;4,12E-12
0,00000239;4,09E-12
0,00000258;4,06E-12
0,0000024;4,03E-12
0,00000215;4E-12
0,00000208;3,97E-12
0,00000214;3,94E-12
0,00000238;3,91E-12
0,00000244;3,88E-12
0,00000211;3,86E-12
0,00000194;3,83E-12
0,00000193;3,8E-12
0,000002;3,77E-12
0,00000233;3,74E-12
0,00000215;3,72E-12
0,00000216;3,69E-12
0,00000176;3,66E-12
0,00000196;3,63E-12
0,000002;3,61E-12
0,00000151;3,58E-12
0,00000167;3,55E-12
0,00000173;3,53E-12
0,00000206;3,5E-12
0,00000211;3,48E-12
0,00000212;3,45E-12
0,00000245;3,42E-12
0,00000228;3,4E-12
0,00000232;3,37E-12
0,00000192;3,35E-12
0,0000019;3,33E-12
0,00000187;3,3E-12
0,00000201;3,28E-12
0,00000238;3,25E-12
0,00000215;3,23E-12
0,00000213;3,21E-12
0,00000201;3,18E-12
0,00000196;3,16E-12
0,00000211;3,14E-12
0,0000023;3,11E-12
0,00000233;3,09E-12
0,00000245;3,07E-12
0,0000019;3,05E-12
0,00000247;3,02E-12
0,00000233;3E-12
0,00000237;2,98E-12
0,00000219;2,96E-12
0,00000226;2,94E-12
0,00000234;2,92E-12
0,00000231;2,89E-12
0,00000234;2,87E-12
0,00000238;2,85E-12
0,00000249;2,83E-12
0,00000244;2,81E-12
0,00000221;2,79E-12
0,00000231;2,77E-12
0,00000249;2,75E-12
0,00000226;2,73E-12
0,00000233;2,71E-12
0,00000181;2,69E-12
0,00000212;2,67E-12
0,00000222;2,65E-12
0,00000207;2,63E-12
0,00000222;2,61E-12
0,00000213;2,6E-12
0,00000208;2,58E-12
0,00000176;2,56E-12
0,00000203;2,54E-12
0,00000195;2,52E-12
0,00000167;2,5E-12
0,00000171;2,49E-12
0,00000147;2,47E-12
0,00000142;2,45E-12
0,00000173;2,43E-12
0,00000143;2,42E-12
0,00000186;2,4E-12
0,00000194;2,38E-12
0,00000186;2,36E-12
0,00000187;2,35E-12
0,00000175;2,33E-12
0,00000199;2,31E-12
0,00000156;2,3E-12
0,00000148;2,28E-12
0,00000174;2,27E-12
0,00000223;2,25E-12
0,00000213;2,23E-12
0,00000194;2,22E-12
0,00000188;2,2E-12
0,00000207;2,19E-12
0,00000214;2,17E-12
0,00000203;2,16E-12
0,00000185;2,14E-12
0,00000206;2,13E-12
0,00000195;2,11E-12
0,00000218;2,1E-12
0,00000225;2,08E-12
0,00000199;2,07E-12
0,00000215;2,05E-12
0,00000199;2,04E-12
0,00000195;2,02E-12
0,0000023;2,01E-12
0,00000233;1,99E-12
0,00000201;1,98E-12
0,00000151;1,97E-12
0,00000186;1,95E-12
0,00000168;1,94E-12
0,00000154;1,93E-12
0,00000184;1,91E-12
0,00000196;1,9E-12
0,00000197;1,89E-12
0,00000179;1,87E-12
0,00000171;1,86E-12
0,00000152;1,85E-12
0,0000014;1,83E-12
0,00000175;1,82E-12
0,00000155;1,81E-12
0,00000163;1,79E-12
0,00000135;1,78E-12
0,00000143;1,77E-12
0,00000187;1,76E-12
0,00000183;1,75E-12
0,00000198;1,73E-12
0,00000169;1,72E-12
0,00000205;1,71E-12
0,0000023;1,7E-12
0,00000222;1,69E-12
0,00000242;1,67E-12
0,00000188;1,66E-12
0,00000206;1,65E-12
0,00000182;1,64E-12
0,00000178;1,63E-12
0,00000187;1,62E-12
0,00000167;1,61E-12
0,00000148;1,59E-12
0,00000132;1,58E-12
0,00000147;1,57E-12
0,00000174;1,56E-12
0,00000145;1,55E-12
0,00000176;1,54E-12
0,00000142;1,53E-12
0,00000161;1,52E-12
0,00000174;1,51E-12
0,0000021;1,5E-12
0,00000201;1,49E-12
0,00000184;1,48E-12
0,00000224;1,47E-12
0,00000162;1,46E-12
0,00000179;1,45E-12
0,00000204;1,44E-12
0,00000167;1,43E-12
0,00000196;1,42E-12
0,00000181;1,41E-12
0,00000221;1,4E-12
0,00000204;1,39E-12
0,00000183;1,38E-12
0,00000188;1,37E-12
0,00000151;1,36E-12
0,0000019;1,35E-12
0,00000161;1,34E-12
0,00000188;1,33E-12
0,00000185;1,32E-12
0,00000149;1,32E-12
0,00000211;1,31E-12
0,00000174;1,3E-12
0,00000187;1,29E-12
0,00000184;1,28E-12
0,00000209;1,27E-12
0,00000222;1,26E-12
0,00000216;1,25E-12
0,00000208;1,25E-12
0,00000187;1,24E-12
0,00000224;1,23E-12
0,00000229;1,22E-12
0,00000222;1,21E-12
0,0000021;1,2E-12
0,00000174;1,2E-12
0,0000018;1,19E-12
0,00000169;1,18E-12
0,00000199;1,17E-12
0,00000183;1,16E-12
0,00000156;1,16E-12
0,00000207;1,15E-12
0,00000184;1,14E-12
0,00000211;1,13E-12
0,00000216;1,13E-12
0,00000229;1,12E-12
0,00000245;1,11E-12
0,00000221;1,1E-12
0,00000222;1,1E-12
0,00000185;1,09E-12
0,00000209;1,08E-12
0,00000217;1,07E-12
0,00000211;1,07E-12
0,00000236;1,06E-12
0,00000213;1,05E-12
0,00000208;1,05E-12
0,000002;1,04E-12
0,0000022;1,03E-12
0,00000207;1,02E-12
0,00000176;1,02E-12
0,0000022;1,01E-12
0,00000187;1E-12
0,00000204;9,98E-13
0,00000215;9,91E-13
0,00000229;9,85E-13
0,00000247;9,78E-13
0,00000196;9,72E-13
0,00000248;9,65E-13
0,00000241;9,59E-13
0,00000225;9,52E-13
0,00000231;9,46E-13
0,00000224;9,4E-13
0,00000239;9,34E-13
0,00000227;9,27E-13
0,00000235;9,21E-13
0,00000203;9,15E-13
0,00000208;9,09E-13
0,00000208;9,03E-13
0,00000205;8,97E-13
0,00000237;8,91E-13
0,00000204;8,86E-13
0,00000229;8,8E-13
0,00000243;8,74E-13
0,00000192;8,68E-13
0,00000209;8,62E-13
0,00000211;8,57E-13
0,0000023;8,51E-13
0,00000189;8,46E-13
0,00000208;8,4E-13
0,00000169;8,35E-13
0,00000171;8,29E-13
0,00000188;8,24E-13
0,00000203;8,18E-13
0,00000228;8,13E-13
0,00000209;8,08E-13
0,00000252;8,02E-13
0,0000023;7,97E-13
0,00000258;7,92E-13
0,00000249;7,87E-13
0,00000268;7,82E-13
0,00000276;7,77E-13
0,00000238;7,71E-13
0,00000246;7,66E-13
0,00000217;7,61E-13
0,00000212;7,57E-13
0,00000198;7,52E-13
0,00000191;7,47E-13
0,00000217;7,42E-13
0,00000182;7,37E-13
0,00000195;7,32E-13
0,00000186;7,28E-13
0,0000017;7,23E-13
0,0000014;7,18E-13
0,00000135;7,14E-13
0,00000171;7,09E-13
0,00000193;7,04E-13
0,00000244;7E-13
0,00000237;6,95E-13
0,00000248;6,91E-13
0,00000233;6,86E-13
0,00000196;6,82E-13
0,00000238;6,78E-13
0,00000248;6,73E-13
0,00000254;6,69E-13
0,00000282;6,65E-13
0,00000279;6,6E-13
0,00000264;6,56E-13
0,00000241;6,52E-13
0,00000246;6,48E-13
0,0000021;6,43E-13
0,0000025;6,39E-13
0,00000246;6,35E-13
0,00000241;6,31E-13
0,0000028;6,27E-13
0,00000282;6,23E-13
0,00000285;6,19E-13
0,00000233;6,15E-13
0,00000261;6,11E-13
0,00000257;6,07E-13
0,00000247;6,03E-13
0,00000248;6E-13
0,00000193;5,96E-13
0,00000219;5,92E-13
0,00000194;5,88E-13
0,00000202;5,84E-13
0,00000228;5,81E-13
0,00000201;5,77E-13
0,00000269;5,73E-13
0,00000202;5,7E-13
0,00000211;5,66E-13
0,00000207;5,63E-13
0,0000023;5,59E-13
0,0000025;5,55E-13
0,00000239;5,52E-13
0,00000268;5,48E-13
0,00000279;5,45E-13
0,00000274;5,42E-13
0,00000266;5,38E-13
0,00000248;5,35E-13
0,00000248;5,31E-13
0,0000022;5,28E-13
0,00000252;5,25E-13
0,00000258;5,21E-13
0,00000255;5,18E-13
0,00000248;5,15E-13
0,00000293;5,12E-13
0,00000306;5,08E-13
0,00000251;5,05E-13
0,00000254;5,02E-13
0,00000233;4,99E-13
0,00000277;4,96E-13
0,00000312;4,93E-13
0,00000309;4,89E-13
0,00000303;4,86E-13
0,00000263;4,83E-13
0,00000258;4,8E-13
0,00000253;4,77E-13
0,00000273;4,74E-13
0,00000272;4,71E-13
0,00000283;4,68E-13
0,00000265;4,65E-13
0,00000263;4,63E-13
0,00000264;4,6E-13
0,00000251;4,57E-13
0,00000284;4,54E-13
0,00000261;4,51E-13
0,00000227;4,48E-13
0,00000255;4,46E-13
0,00000251;4,43E-13
0,00000252;4,4E-13
0,00000256;4,37E-13
0,0000027;4,35E-13
0,00000231;4,32E-13
0,00000257;4,29E-13
0,00000252;4,26E-13
0,00000272;4,24E-13
0,00000288;4,21E-13
0,00000259;4,19E-13
0,0000025;4,16E-13
0,00000205;4,13E-13
0,0000021;4,11E-13
0,00000204;4,08E-13
0,00000214;4,06E-13
0,00000216;4,03E-13
0,00000206;4,01E-13
0,00000231;3,98E-13
0,00000185;3,96E-13
0,00000209;3,93E-13
0,00000197;3,91E-13
0,00000223;3,89E-13
0,00000215;3,86E-13
0,00000223;3,84E-13
0,00000219;3,81E-13
0,00000197;3,79E-13
0,00000221;3,77E-13
0,00000192;3,74E-13
0,00000212;3,72E-13
0,00000171;3,7E-13
0,00000166;3,68E-13
0,00000184;3,65E-13
0,0000013;3,63E-13
0,00000124;3,61E-13
0,00000151;3,59E-13
0,00000169;3,57E-13
0,00000163;3,54E-13
0,00000168;3,52E-13
0,00000204;3,5E-13
0,00000189;3,48E-13
0,00000203;3,46E-13
0,00000186;3,44E-13
0,00000236;3,42E-13
0,00000211;3,39E-13
0,00000236;3,37E-13
0,00000231;3,35E-13
0,00000222;3,33E-13
0,00000249;3,31E-13
0,000002;3,29E-13
0,00000219;3,27E-13
0,00000204;3,25E-13
0,00000214;3,23E-13
0,00000204;3,21E-13
0,00000243;3,19E-13
0,00000268;3,17E-13
0,00000213;3,16E-13
0,00000258;3,14E-13
0,00000234;3,12E-13
0,00000248;3,1E-13
0,00000214;3,08E-13
0,00000183;3,06E-13
0,0000019;3,04E-13
0,00000213;3,02E-13
0,00000222;3,01E-13
0,00000176;2,99E-13
0,00000194;2,97E-13
0,00000186;2,95E-13
0,00000194;2,93E-13
0,00000207;2,92E-13
0,00000195;2,9E-13
0,00000198;2,88E-13
0,00000211;2,86E-13
0,0000022;2,85E-13
0,00000195;2,83E-13
0,00000204;2,81E-13
0,00000223;2,8E-13
0,00000247;2,78E-13
0,00000265;2,76E-13
0,00000232;2,75E-13
0,00000291;2,73E-13
0,00000245;2,71E-13
0,00000261;2,7E-13
0,0000024;2,68E-13
0,00000264;2,66E-13
0,00000271;2,65E-13
0,00000278;2,63E-13
0,00000297;2,62E-13
0,00000253;2,6E-13
0,00000256;2,59E-13
0,00000208;2,57E-13
0,00000196;2,56E-13
0,00000214;2,54E-13
0,00000234;2,52E-13
0,00000238;2,51E-13
0,00000224;2,5E-13
0,00000238;2,48E-13
0,00000201;2,47E-13
0,00000201;2,45E-13
0,00000212;2,44E-13
0,00000229;2,42E-13
0,00000209;2,41E-13
0,00000198;2,39E-13
0,00000219;2,38E-13
0,00000205;2,36E-13
0,0000022;2,35E-13
0,00000204;2,34E-13
0,0000023;2,32E-13
0,00000196;2,31E-13
0,00000213;2,3E-13
0,00000208;2,28E-13
0,00000213;2,27E-13
0,00000237;2,26E-13
0,00000239;2,24E-13
0,00000248;2,23E-13
0,00000212;2,22E-13
0,00000231;2,2E-13
0,00000214;2,19E-13
0,00000231;2,18E-13
0,0000024;2,16E-13
0,00000236;2,15E-13
0,00000237;2,14E-13
0,00000231;2,13E-13
0,00000205;2,11E-13
0,00000217;2,1E-13
0,00000253;2,09E-13
0,0000024;2,08E-13
0,00000257;2,06E-13
0,00000236;2,05E-13
0,00000251;2,04E-13
0,00000254;2,03E-13
0,00000221;2,02E-13
0,00000268;2E-13
0,00000235;1,99E-13
0,00000262;1,98E-13
0,00000252;1,97E-13
0,00000249;1,96E-13
0,00000232;1,95E-13
0,00000193;1,94E-13
0,00000223;1,92E-13
0,00000191;1,91E-13
0,00000235;1,9E-13
0,00000249;1,89E-13
0,00000256;1,88E-13
0,00000194;1,87E-13
0,00000198;1,86E-13
0,00000194;1,85E-13
0,00000147;1,84E-13
0,0000019;1,83E-13
0,00000175;1,82E-13
0,000002;1,8E-13
0,00000176;1,79E-13
0,00000173;1,78E-13
0,00000194;1,77E-13
0,00000216;1,76E-13
0,00000236;1,75E-13
0,00000208;1,74E-13
0,00000244;1,73E-13
0,00000217;1,72E-13
0,00000252;1,71E-13
0,00000217;1,7E-13
0,00000257;1,69E-13
0,00000275;1,68E-13
0,00000306;1,67E-13
0,00000299;1,66E-13
0,00000268;1,65E-13
0,00000286;1,65E-13
0,00000265;1,64E-13
0,00000287;1,63E-13
0,00000269;1,62E-13
0,00000275;1,61E-13
0,00000229;1,6E-13
0,00000207;1,59E-13
0,00000214;1,58E-13
0,00000227;1,57E-13
0,00000223;1,56E-13
0,00000227;1,55E-13
0,00000258;1,54E-13
0,00000284;1,54E-13
0,00000274;1,53E-13
0,00000231;1,52E-13
0,00000268;1,51E-13
0,00000237;1,5E-13
0,00000225;1,49E-13
0,0000021;1,48E-13
0,00000239;1,48E-13
0,00000295;1,47E-13
0,00000253;1,46E-13
0,00000244;1,45E-13
0,00000218;1,44E-13
0,00000216;1,43E-13
0,00000239;1,43E-13
0,00000224;1,42E-13
0,0000024;1,41E-13
0,00000228;1,4E-13
0,0000027;1,39E-13
0,00000245;1,39E-13
0,00000264;1,38E-13
0,00000261;1,37E-13
0,00000274;1,36E-13
0,00000308;1,35E-13
0,0000031;1,35E-13
0,00000282;1,34E-13
0,00000253;1,33E-13
0,00000276;1,32E-13
0,0000027;1,32E-13
0,00000306;1,31E-13
0,00000236;1,3E-13
0,0000027;1,29E-13
0,00000265;1,29E-13
0,00000252;1,28E-13
0,00000242;1,27E-13
0,00000232;1,27E-13
0,00000231;1,26E-13
0,00000256;1,25E-13
0,0000029;1,24E-13
0,0000027;1,24E-13
0,00000262;1,23E-13
0,00000238;1,22E-13
0,00000277;1,22E-13
0,00000247;1,21E-13
0,00000248;1,2E-13
0,00000279;1,2E-13
0,00000278;1,19E-13
0,00000296;1,18E-13
0,00000241;1,18E-13
0,00000247;1,17E-13
0,00000225;1,16E-13
0,00000231;1,16E-13
0,00000235;1,15E-13
0,00000266;1,14E-13
0,00000259;1,14E-13
0,0000021;1,13E-13
0,00000205;1,12E-13
0,00000206;1,12E-13
0,00000235;1,11E-13
0,0000025;1,11E-13
0,00000268;1,1E-13
0,00000275;1,09E-13
0,00000263;1,09E-13
0,00000239;1,08E-13
0,00000242;1,07E-13
0,00000248;1,07E-13
0,00000237;1,06E-13
0,00000258;1,06E-13
0,00000236;1,05E-13
0,00000256;1,05E-13
0,0000024;1,04E-13
0,00000263;1,03E-13
0,00000264;1,03E-13
0,00000262;1,02E-13
0,0000024;1,02E-13
0,00000244;1,01E-13
0,00000299;1,01E-13
0,00000272;1E-13
0,00000305;9,94E-14
0,00000268;9,89E-14
0,00000268;9,83E-14
0,00000266;9,78E-14
0,00000296;9,73E-14
0,00000291;9,67E-14
0,0000029;9,62E-14
0,00000284;9,57E-14
0,00000283;9,51E-14
0,00000266;9,46E-14
0,00000277;9,41E-14
0,00000324;9,36E-14
0,00000295;9,31E-14
0,0000027;9,25E-14
0,00000237;9,2E-14
0,00000273;9,15E-14
0,00000238;9,1E-14
0,00000265;9,05E-14
0,00000278;9E-14
0,00000264;8,95E-14
0,0000975;8,9E-14
0,000000129;8,86E-14
0,000000105;8,81E-14
0,000000121;8,76E-14
8,68E-08;8,71E-14
0,000000121;8,66E-14
0,0000002;8,62E-14
7,29E-08;8,57E-14
9,68E-08;8,52E-14
0,000000158;8,48E-14
0,000000139;8,43E-14
8,29E-08;8,38E-14
0,000000115;8,34E-14
0,000000105;8,29E-14
0,000000262;8,25E-14
0,000000224;8,2E-14
0,00000019;8,16E-14
0,00000022;8,11E-14
0,0000002;8,07E-14
8,29E-08;8,02E-14
0,000000166;7,98E-14
0,000000144;7,94E-14
0,000000224;7,89E-14
0,000000206;7,85E-14
0,000000214;7,81E-14
0,00000022;7,77E-14
0,00000022;7,72E-14
0,000000158;7,68E-14
0,000000182;7,64E-14
0,000000158;7,6E-14
0,000000176;7,56E-14
0,000000148;7,52E-14
0,000000172;7,48E-14
0,000000228;7,44E-14
0,00000022;7,4E-14
0,000000244;7,36E-14
0,000000158;7,32E-14
0,00000022;7,28E-14
0,000000139;7,24E-14
0,000000166;7,2E-14
0,000000309;7,16E-14
0,000000125;7,12E-14
0,000000129;7,08E-14
0,000000162;7,04E-14
0,000000115;7,01E-14
0,00000019;6,97E-14
0,000000172;6,93E-14
0,000000224;6,89E-14
0,000000224;6,86E-14
0,000000224;6,82E-14
0,000000158;6,78E-14
0,0000002;6,75E-14
0,000000206;6,71E-14
0,000000206;6,68E-14
0,000000234;6,64E-14
0,000000272;6,6E-14
0,000000248;6,57E-14
0,000000262;6,53E-14
0,000000172;6,5E-14
0,000000172;6,46E-14
0,000000172;6,43E-14
0,000000206;6,39E-14
0,000000176;6,36E-14
0,00000019;6,33E-14
0,00000021;6,29E-14
0,000000176;6,26E-14
9,08E-08;6,23E-14
0,000000125;6,19E-14
0,000000129;6,16E-14
0,000000129;6,13E-14
0,000000158;6,09E-14
0,000000162;6,06E-14
0,000000158;6,03E-14
0,000000144;6E-14
4,31E-08;5,97E-14
2,92E-08;5,93E-14
0,000000111;5,9E-14
0,000000228;5,87E-14
0,00000022;5,84E-14
0,000000196;5,81E-14
0,000000152;5,78E-14
0,000000125;5,75E-14
0,00000019;5,72E-14
0,000000105;5,69E-14
0,000000144;5,66E-14
0,000000152;5,63E-14
0,000000152;5,6E-14
0,000000125;5,57E-14
0,00000021;5,54E-14
7,29E-08;5,51E-14
3,52E-08;5,48E-14
4,31E-08;5,45E-14
0,000000125;5,42E-14
0,000000176;5,39E-14
0,000000125;5,37E-14
0,000000129;5,34E-14
0,000000196;5,31E-14
0,000000125;5,28E-14
0,000000053;5,25E-14
7,69E-08;5,23E-14
0,000000214;5,2E-14
0,000000162;5,17E-14
0,000000148;5,14E-14
0,000000224;5,12E-14
0,000000176;5,09E-14
0,000000101;5,06E-14
0,000000139;5,04E-14
9,68E-08;5,01E-14
7,69E-08;4,98E-14
0,000000125;4,96E-14
0,000000182;4,93E-14
0,000000121;4,91E-14
0,000000144;4,88E-14
0,000000129;4,85E-14
0,000000111;4,83E-14
0,000000063;4,8E-14
0,000000063;4,78E-14
0,000000067;4,75E-14
5,34E-09;4,73E-14
0,000000129;4,7E-14
8,29E-08;4,68E-14
0,000000063;4,66E-14
9,68E-08;4,63E-14
-3,64E-08;4,61E-14
-1,25E-08;4,58E-14
2,52E-08;4,56E-14
0,000000111;4,54E-14
0,000000121;4,51E-14
0,000000111;4,49E-14
0,000000129;4,46E-14
9,68E-08;4,44E-14
9,68E-08;4,42E-14
0,000000111;4,4E-14
-6,42E-08;4,37E-14
8,29E-08;4,35E-14
9,08E-08;4,33E-14
8,68E-08;4,31E-14
0,000000144;4,28E-14
3,52E-08;4,26E-14
2,52E-08;4,24E-14
-2,65E-08;4,22E-14
2,52E-08;4,19E-14
-2,61E-09;4,17E-14
8,68E-08;4,15E-14
0,000000111;4,13E-14
0,000000067;4,11E-14
-2,61E-09;4,09E-14
7,29E-08;4,07E-14
-1,85E-08;4,05E-14
5,34E-09;4,02E-14
-6,03E-08;4E-14
7,29E-08;3,98E-14
2,12E-08;3,96E-14
1,37E-09;3,94E-14
5,34E-09;3,92E-14
-2,25E-08;3,9E-14
-4,63E-08;3,88E-14
0,000000125;3,86E-14
-2,65E-08;3,84E-14
-1,25E-08;3,82E-14
8,29E-08;3,8E-14
2,52E-08;3,78E-14
0,000000067;3,76E-14
0,000000053;3,74E-14
2,92E-08;3,73E-14
2,12E-08;3,71E-14
8,68E-08;3,69E-14
4,31E-08;3,67E-14
5,34E-09;3,65E-14
-8,01E-08;3,63E-14
1,53E-08;3,61E-14
3,91E-08;3,59E-14
0,000000144;3,58E-14
0,000000101;3,56E-14
0,000000067;3,54E-14
9,08E-08;3,52E-14
-1,85E-08;3,5E-14
1,53E-08;3,49E-14
-2,61E-09;3,47E-14
0,000000111;3,45E-14
7,29E-08;3,43E-14
0,000000214;3,41E-14
0,000000158;3,4E-14
0,000000166;3,38E-14
0,000000111;3,36E-14
0,000000176;3,35E-14
0,000000125;3,33E-14
0,000000125;3,31E-14
0,000000105;3,3E-14
9,68E-08;3,28E-14
0,000000139;3,26E-14
0,000000144;3,25E-14
0,000000115;3,23E-14
9,08E-08;3,21E-14
0,000000176;3,2E-14
0,000000234;3,18E-14
0,00000022;3,16E-14
0,000000186;3,15E-14
0,00000021;3,13E-14
0,00000019;3,12E-14
0,000000214;3,1E-14
0,000000214;3,08E-14
0,000000228;3,07E-14
0,000000105;3,05E-14
0,000000139;3,04E-14
0,000000228;3,02E-14
0,000000224;3,01E-14
0,000000238;2,99E-14
0,00000019;2,98E-14
0,00000019;2,96E-14
0,000000176;2,95E-14
0,000000258;2,93E-14
0,000000268;2,92E-14
0,000000228;2,9E-14
0,000000228;2,89E-14
0,000000129;2,87E-14
0,000000214;2,86E-14
0,000000244;2,85E-14
0,0000003;2,83E-14
0,000000262;2,82E-14
0,000000262;2,8E-14
0,000000305;2,79E-14
0,000000262;2,77E-14
0,000000286;2,76E-14
0,00000021;2,75E-14
0,000000224;2,73E-14
0,000000214;2,72E-14
0,000000351;2,71E-14
0,00000029;2,69E-14
0,000000248;2,68E-14
0,000000286;2,67E-14
0,00000021;2,65E-14
0,0000002;2,64E-14
0,000000162;2,63E-14
0,00000022;2,61E-14
0,0000003;2,6E-14
0,000000343;2,59E-14
0,000000268;2,57E-14
0,00000029;2,56E-14
0,000000176;2,55E-14
0,000000214;2,54E-14
0,00000019;2,52E-14
0,000000196;2,51E-14
0,000000186;2,5E-14
0,000000319;2,49E-14
0,000000276;2,47E-14
0,000000323;2,46E-14
0,000000262;2,45E-14
0,000000276;2,44E-14
0,000000101;2,42E-14
0,000000148;2,41E-14
0,000000176;2,4E-14
0,00000021;2,39E-14
0,000000238;2,38E-14
0,000000186;2,37E-14
0,000000333;2,35E-14
0,000000224;2,34E-14
0,000000162;2,33E-14
0,00000022;2,32E-14
4,91E-08;2,31E-14
0,00000019;2,3E-14
0,000000323;2,28E-14
0,000000296;2,27E-14
0,000000238;2,26E-14
0,000000244;2,25E-14
0,000000152;2,24E-14
0,000000228;2,23E-14
0,000000234;2,22E-14
0,0000002;2,21E-14
0,00000019;2,2E-14
